torchrun --master_port 29521 --nproc_per_node 1 --nnodes 1 src/train.py --do_predict --predict_with_generate --model_name_or_path /home/khabibillo/models/stabletoolbench-MirrorAPI --eval_dataset mirrorapi_sft_ood_successful --stage sft --template qwen --preprocessing_num_workers 16 --finetuning_type full --output_dir ../benchmark/runs/sft_ood_successful/output --max_new_tokens 2660 --bf16 --report_to none --flash_attn auto --cutoff_len 2560 --seed 42 --per_device_eval_batch_size 1 --overwrite_cache --do_sample false --temperature 0.0 --top_p 1.0 --top_k 0
[INFO|2026-08-03 18:35:53] llamafactory.hparams.parser:406 >> Process rank: 0, world size: 1, device: cuda:0, distributed training: True, compute dtype: torch.bfloat16
[INFO|tokenization_utils_base.py:2021] 2026-08-03 18:35:53,097 >> loading file vocab.json
[INFO|tokenization_utils_base.py:2021] 2026-08-03 18:35:53,097 >> loading file merges.txt
[INFO|tokenization_utils_base.py:2021] 2026-08-03 18:35:53,097 >> loading file tokenizer.json
[INFO|tokenization_utils_base.py:2021] 2026-08-03 18:35:53,097 >> loading file added_tokens.json
[INFO|tokenization_utils_base.py:2021] 2026-08-03 18:35:53,097 >> loading file special_tokens_map.json
[INFO|tokenization_utils_base.py:2021] 2026-08-03 18:35:53,097 >> loading file tokenizer_config.json
[INFO|tokenization_utils_base.py:2021] 2026-08-03 18:35:53,097 >> loading file chat_template.jinja
[INFO|tokenization_utils_base.py:2299] 2026-08-03 18:35:53,326 >> Special tokens have been added in the vocabulary, make sure the associated word embeddings are fine-tuned or trained.
[INFO|configuration_utils.py:696] 2026-08-03 18:35:53,326 >> loading configuration file /home/khabibillo/models/stabletoolbench-MirrorAPI/config.json
[INFO|configuration_utils.py:770] 2026-08-03 18:35:53,328 >> Model config Qwen2Config {
  "architectures": [
    "Qwen2ForCausalLM"
  ],
  "attention_dropout": 0.0,
  "bos_token_id": 151643,
  "eos_token_id": 151645,
  "hidden_act": "silu",
  "hidden_size": 3584,
  "initializer_range": 0.02,
  "intermediate_size": 18944,
  "max_position_embeddings": 32768,
  "max_window_layers": 28,
  "model_type": "qwen2",
  "num_attention_heads": 28,
  "num_hidden_layers": 28,
  "num_key_value_heads": 4,
  "rms_norm_eps": 1e-06,
  "rope_scaling": null,
  "rope_theta": 1000000.0,
  "sliding_window": null,
  "tie_word_embeddings": false,
  "torch_dtype": "bfloat16",
  "transformers_version": "4.52.4",
  "use_cache": false,
  "use_sliding_window": false,
  "vocab_size": 152064
}

[INFO|tokenization_utils_base.py:2021] 2026-08-03 18:35:53,329 >> loading file vocab.json
[INFO|tokenization_utils_base.py:2021] 2026-08-03 18:35:53,329 >> loading file merges.txt
[INFO|tokenization_utils_base.py:2021] 2026-08-03 18:35:53,329 >> loading file tokenizer.json
[INFO|tokenization_utils_base.py:2021] 2026-08-03 18:35:53,329 >> loading file added_tokens.json
[INFO|tokenization_utils_base.py:2021] 2026-08-03 18:35:53,329 >> loading file special_tokens_map.json
[INFO|tokenization_utils_base.py:2021] 2026-08-03 18:35:53,329 >> loading file tokenizer_config.json
[INFO|tokenization_utils_base.py:2021] 2026-08-03 18:35:53,329 >> loading file chat_template.jinja
[INFO|tokenization_utils_base.py:2299] 2026-08-03 18:35:53,545 >> Special tokens have been added in the vocabulary, make sure the associated word embeddings are fine-tuned or trained.
[INFO|2026-08-03 18:35:53] llamafactory.data.loader:143 >> Loading dataset ../../benchmark/MirrorAPI-Bench/test_sft/ood.json...
Setting num_proc from 16 back to 1 for the train split to disable multiprocessing as it only contains one shard.

Generating train split: 0 examples [00:00, ? examples/s]
Generating train split: 200 examples [00:00, 13679.38 examples/s]

Converting format of dataset (num_proc=16):   0%|          | 0/200 [00:00<?, ? examples/s]
Converting format of dataset (num_proc=16):  88%|████████▊ | 176/200 [00:00<00:00, 1734.31 examples/s]
Converting format of dataset (num_proc=16): 100%|██████████| 200/200 [00:00<00:00, 1030.16 examples/s]

Running tokenizer on dataset (num_proc=16):   0%|          | 0/200 [00:00<?, ? examples/s]
Running tokenizer on dataset (num_proc=16):   6%|▋         | 13/200 [00:00<00:08, 21.17 examples/s]
Running tokenizer on dataset (num_proc=16):  13%|█▎        | 26/200 [00:00<00:04, 41.17 examples/s]
Running tokenizer on dataset (num_proc=16):  20%|█▉        | 39/200 [00:00<00:02, 59.01 examples/s]
Running tokenizer on dataset (num_proc=16):  26%|██▌       | 52/200 [00:00<00:01, 74.76 examples/s]
Running tokenizer on dataset (num_proc=16):  39%|███▉      | 78/200 [00:01<00:01, 94.21 examples/s]
Running tokenizer on dataset (num_proc=16):  52%|█████▏    | 104/200 [00:01<00:01, 91.01 examples/s]
Running tokenizer on dataset (num_proc=16):  64%|██████▍   | 128/200 [00:01<00:00, 113.25 examples/s]
Running tokenizer on dataset (num_proc=16):  76%|███████▌  | 152/200 [00:01<00:00, 116.87 examples/s]
Running tokenizer on dataset (num_proc=16):  88%|████████▊ | 176/200 [00:01<00:00, 121.33 examples/s]
Running tokenizer on dataset (num_proc=16): 100%|██████████| 200/200 [00:02<00:00, 117.50 examples/s]
Running tokenizer on dataset (num_proc=16): 100%|██████████| 200/200 [00:02<00:00, 89.32 examples/s] 
eval example:
input_ids:
[151644, 8948, 198, 51057, 498, 525, 458, 5333, 8422, 10350, 2878, 264, 27076, 5392, 11, 892, 5610, 264, 4426, 315, 12460, 33356, 13, 4615, 3476, 374, 311, 17247, 3535, 279, 729, 315, 1817, 5333, 3118, 389, 862, 27787, 304, 279, 5333, 9705, 13, 1634, 498, 5258, 3151, 11127, 369, 3842, 5333, 6738, 2878, 419, 5392, 11, 23643, 1493, 11127, 311, 8253, 862, 10602, 7428, 13, 4615, 3383, 374, 311, 10770, 264, 4718, 23126, 2033, 429, 5285, 82, 448, 279, 3601, 2550, 315, 279, 5333, 13, 576, 4718, 12859, 374, 510, 515, 262, 330, 841, 788, 8324, 262, 330, 2322, 788, 8389, 630, 785, 1465, 2070, 1265, 7146, 4287, 11, 18860, 902, 5975, 304, 8692, 13, 576, 2033, 2070, 1265, 6644, 279, 2213, 498, 88859, 3118, 389, 279, 5333, 594, 14944, 323, 279, 1946, 3897, 13, 29279, 429, 697, 14507, 525, 22414, 11, 5961, 27020, 279, 5333, 594, 10602, 14944, 13, 715, 785, 1376, 374, 311, 10306, 279, 4718, 3561, 594, 16614, 1393, 22573, 429, 697, 2033, 374, 458, 13382, 21844, 315, 279, 5333, 594, 10602, 2550, 2878, 279, 5392, 624, 5501, 5185, 429, 697, 4226, 1265, 537, 6644, 4113, 1008, 1091, 264, 2951, 3561, 1633, 11, 892, 1265, 387, 10154, 480, 5961, 311, 2951, 624, 9112, 429, 510, 12, 697, 2033, 1265, 6644, 9080, 1995, 2661, 279, 6330, 1946, 5029, 624, 12, 697, 2033, 1969, 387, 7373, 323, 614, 14976, 2213, 382, 7082, 6738, 1231, 3690, 369, 5257, 7966, 11, 1741, 438, 8318, 1946, 5029, 11, 16653, 4714, 11, 476, 3538, 5975, 13, 4615, 5795, 374, 311, 6923, 264, 2033, 429, 29257, 25963, 279, 5333, 594, 10602, 14944, 11, 1496, 421, 279, 1946, 5029, 525, 15114, 13, 4615, 2033, 1265, 387, 38219, 323, 9760, 311, 279, 5333, 594, 7428, 11, 8241, 264, 2797, 323, 63594, 16148, 315, 279, 3601, 2550, 3118, 389, 279, 1946, 3897, 624, 8420, 374, 458, 3110, 510, 7082, 4629, 510, 515, 262, 330, 2068, 1269, 788, 330, 852, 54964, 756, 262, 330, 2068, 11448, 788, 330, 1949, 264, 1140, 315, 5023, 7248, 15459, 13, 1205, 525, 14971, 7842, 803, 1449, 2421, 5555, 10346, 262, 330, 6279, 18263, 788, 10239, 262, 330, 12807, 18263, 788, 10239, 262, 330, 14172, 11448, 788, 330, 1072, 59537, 1039, 14376, 47348, 1467, 311, 8806, 2473, 11, 6188, 311, 3410, 498, 448, 279, 1429, 25489, 3738, 1331, 13586, 23314, 518, 458, 16637, 3349, 13, 5633, 2473, 374, 4937, 323, 14720, 11, 23988, 1550, 22092, 7699, 2550, 304, 264, 4925, 315, 6486, 13, 22406, 11, 582, 3010, 264, 6884, 2088, 315, 15459, 323, 264, 8045, 315, 7743, 11454, 11, 773, 498, 646, 1477, 279, 4727, 4946, 369, 697, 2390, 13, 13139, 498, 1184, 264, 7743, 1975, 369, 264, 2766, 11, 458, 46368, 73328, 11, 476, 894, 1008, 2390, 11, 1039, 1467, 311, 8806, 2473, 702, 498, 9761, 13, 1374, 72903, 262, 330, 14172, 1269, 788, 330, 51, 9951, 81165, 3366, 756, 262, 330, 14172, 11847, 788, 330, 9286, 16488, 32054, 8509, 1245, 3814, 2351, 16526, 698, 532, 1900, 510, 262, 821, 284, 341, 286, 330, 5471, 788, 330, 9286, 16488, 32054, 8509, 1245, 3814, 2351, 16526, 756, 286, 330, 14172, 1269, 788, 330, 51, 9951, 81165, 3366, 756, 286, 330, 2068, 1269, 788, 330, 852, 54964, 756, 286, 330, 14172, 5898, 788, 35503, 756, 286, 330, 13105, 788, 330, 5315, 756, 286, 456, 2582, 510, 262, 341, 286, 330, 841, 788, 8324, 286, 330, 2322, 788, 97049, 2829, 788, 15, 1335, 3236, 3252, 7188, 2198, 42824, 36799, 268, 2198, 1626, 50378, 2198, 417, 30117, 1341, 11195, 262, 456, 151645, 198, 151644, 872, 198, 7082, 4629, 510, 13608, 2068, 1269, 1210, 364, 1528, 261, 815, 516, 364, 2068, 11448, 1210, 364, 4216, 279, 9308, 2150, 438, 4718, 476, 73192, 516, 364, 6279, 18263, 1210, 61108, 606, 1210, 364, 8925, 516, 364, 1313, 1210, 364, 16468, 516, 364, 4684, 1210, 8981, 364, 2258, 1210, 364, 611, 24731, 5360, 606, 1210, 364, 324, 516, 364, 1313, 1210, 364, 16468, 516, 364, 4684, 1210, 8981, 364, 2258, 1210, 364, 2428, 1110, 2136, 5713, 905, 8275, 1125, 364, 12807, 18263, 1210, 61108, 606, 1210, 364, 60073, 516, 364, 1313, 1210, 364, 16468, 516, 364, 4684, 1210, 8981, 364, 2258, 1210, 364, 1866, 24731, 5360, 606, 1210, 364, 2236, 516, 364, 1313, 1210, 364, 16468, 516, 364, 4684, 1210, 8981, 364, 2258, 1210, 364, 1866, 8275, 1125, 364, 14172, 11448, 1210, 364, 12012, 264, 584, 9308, 2150, 1119, 4718, 320, 269, 73192, 18733, 364, 14172, 1269, 1210, 364, 5835, 12, 17, 12, 5370, 516, 364, 14172, 11847, 1210, 364, 16583, 67625, 1900, 510, 13608, 5471, 1210, 364, 16583, 516, 364, 14172, 1269, 1210, 364, 5835, 12, 17, 12, 5370, 516, 364, 2068, 1269, 1210, 364, 1528, 261, 815, 516, 364, 14172, 5898, 1210, 52098, 8925, 3252, 611, 51416, 6808, 2198, 324, 3252, 2428, 1110, 2136, 7724, 45251, 28554, 905, 38181, 16, 17, 18, 9207, 516, 364, 13105, 1210, 364, 5315, 8275, 151645, 198, 151644, 77091, 198]
inputs:
<|im_start|>system
Imagine you are an API Server operating within a specialized tool, which contains a collection of distinct APIs. Your role is to deeply understand the function of each API based on their descriptions in the API documentation. As you receive specific inputs for individual API calls within this tool, analyze these inputs to determine their intended purpose. Your task is to craft a JSON formatted response that aligns with the expected output of the API. The JSON scheme is:
{
    "error": "",
    "response": ""
}

The error field should remain empty, indicating no errors in processing. The response field should contain the content you formulate based on the API's functionality and the input provided. Ensure that your responses are meaningful, directly addressing the API's intended functionality. 
The key is to maintain the JSON format's integrity while ensuring that your response is an accurate reflection of the API's intended output within the tool.
Please note that your answer should not contain anything other than a json format object, which should be parsable directly to json.
Note that:
- your response should contain rich information given the api input parameters.
- your response must be effective and have practical content.

API calls may fail for various reasons, such as invalid input parameters, authentication issues, or server errors. Your goal is to generate a response that accurately reflects the API's intended functionality, even if the input parameters are incorrect. Your response should be informative and relevant to the API's purpose, providing a clear and concise explanation of the expected output based on the input provided.
Here is an example:
API doc:
{
    "api_name": "List Languages",
    "api_description": "Get a list of currently supported languages. We are constantly adding more every few weeks.",
    "required_parameters": [],
    "optional_parameters": [],
    "tool_description": "Introducing our cutting-edge text to speech service, designed to provide you with the most realistic human-sounding voices at an affordable price. Our service is fast and reliable, delivering high-quality audio output in a matter of seconds. Additionally, we offer a wide range of languages and a variety of voice choices, so you can find the perfect fit for your project. Whether you need a voiceover for a video, an audiobook, or any other project, our text to speech service has you covered. Ex...",
    "tool_name": "TTSKraken",
    "tool_category": "Artificial_Intelligence_Machine_Learning"
}
Request:
    data = {
        "category": "Artificial_Intelligence_Machine_Learning",
        "tool_name": "TTSKraken",
        "api_name": "List Languages",
        "tool_input": "{}",
        "strip": "filter",
        }
Response:
    {
        "error": "",
        "response": "{"status":0,"msg":"Success","languages":["en","fr-fr","pt-br"]}"
    }
<|im_end|>
<|im_start|>user
API doc:
{'api_name': 'cheerio', 'api_description': 'returns the HTML page as JSON or Markdown', 'required_parameters': [{'name': 'selector', 'type': 'STRING', 'description': '', 'default': 'div'}, {'name': 'ur', 'type': 'STRING', 'description': '', 'default': 'https://www.google.com'}], 'optional_parameters': [{'name': 'markdown', 'type': 'STRING', 'description': '', 'default': 'true'}, {'name': 'json', 'type': 'STRING', 'description': '', 'default': 'true'}], 'tool_description': 'Convert a public HTML page into JSON (or Markdown)', 'tool_name': 'HTML-2-JSON', 'tool_category': 'Tools'}

Request:
{'category': 'Tools', 'tool_name': 'HTML-2-JSON', 'api_name': 'cheerio', 'tool_input': '{"selector":"div.article-content","ur":"https://www.example-news-site.com/article123"}', 'strip': 'filter'}<|im_end|>
<|im_start|>assistant

label_ids:
[4913, 841, 788, 7342, 330, 2322, 788, 330, 13608, 8925, 1210, 364, 611, 51416, 6808, 516, 364, 2236, 1210, 3007, 11, 364, 60073, 1210, 3007, 11, 364, 691, 1210, 3056, 92, 9207, 151645, 198]
labels:
{"error": "", "response": "{'selector': 'div.article-content', 'json': True, 'markdown': True, 'data': []}"}<|im_end|>

[INFO|configuration_utils.py:696] 2026-08-03 18:35:57,453 >> loading configuration file /home/khabibillo/models/stabletoolbench-MirrorAPI/config.json
[INFO|configuration_utils.py:770] 2026-08-03 18:35:57,455 >> Model config Qwen2Config {
  "architectures": [
    "Qwen2ForCausalLM"
  ],
  "attention_dropout": 0.0,
  "bos_token_id": 151643,
  "eos_token_id": 151645,
  "hidden_act": "silu",
  "hidden_size": 3584,
  "initializer_range": 0.02,
  "intermediate_size": 18944,
  "max_position_embeddings": 32768,
  "max_window_layers": 28,
  "model_type": "qwen2",
  "num_attention_heads": 28,
  "num_hidden_layers": 28,
  "num_key_value_heads": 4,
  "rms_norm_eps": 1e-06,
  "rope_scaling": null,
  "rope_theta": 1000000.0,
  "sliding_window": null,
  "tie_word_embeddings": false,
  "torch_dtype": "bfloat16",
  "transformers_version": "4.52.4",
  "use_cache": false,
  "use_sliding_window": false,
  "vocab_size": 152064
}

[INFO|2026-08-03 18:35:57] llamafactory.model.model_utils.kv_cache:143 >> KV cache is enabled for faster generation.
[INFO|modeling_utils.py:1148] 2026-08-03 18:35:57,723 >> loading weights file /home/khabibillo/models/stabletoolbench-MirrorAPI/model.safetensors.index.json
[INFO|modeling_utils.py:2241] 2026-08-03 18:35:57,723 >> Instantiating Qwen2ForCausalLM model under default dtype torch.bfloat16.
[INFO|configuration_utils.py:1135] 2026-08-03 18:35:57,725 >> Generate config GenerationConfig {
  "bos_token_id": 151643,
  "eos_token_id": 151645
}


Loading checkpoint shards:   0%|          | 0/4 [00:00<?, ?it/s]
Loading checkpoint shards:  25%|██▌       | 1/4 [00:00<00:02,  1.01it/s]
Loading checkpoint shards:  50%|█████     | 2/4 [00:01<00:01,  1.02it/s]
Loading checkpoint shards:  75%|███████▌  | 3/4 [00:02<00:00,  1.10it/s]
Loading checkpoint shards: 100%|██████████| 4/4 [00:02<00:00,  1.62it/s]
Loading checkpoint shards: 100%|██████████| 4/4 [00:02<00:00,  1.35it/s]
[INFO|modeling_utils.py:5131] 2026-08-03 18:36:00,722 >> All model checkpoint weights were used when initializing Qwen2ForCausalLM.

[INFO|modeling_utils.py:5139] 2026-08-03 18:36:00,722 >> All the weights of Qwen2ForCausalLM were initialized from the model checkpoint at /home/khabibillo/models/stabletoolbench-MirrorAPI.
If your task is similar to the task the model of the checkpoint was trained on, you can already use Qwen2ForCausalLM for predictions without further training.
[INFO|configuration_utils.py:1088] 2026-08-03 18:36:00,723 >> loading configuration file /home/khabibillo/models/stabletoolbench-MirrorAPI/generation_config.json
[INFO|configuration_utils.py:1135] 2026-08-03 18:36:00,724 >> Generate config GenerationConfig {
  "bos_token_id": 151643,
  "do_sample": true,
  "eos_token_id": [
    151645,
    151643
  ],
  "pad_token_id": 151643,
  "repetition_penalty": 1.05,
  "temperature": 0.7,
  "top_k": 20,
  "top_p": 0.8
}

[INFO|2026-08-03 18:36:00] llamafactory.model.model_utils.attention:143 >> Using torch SDPA for faster training and inference.
[INFO|2026-08-03 18:36:00] llamafactory.model.loader:143 >> all params: 7,615,616,512
[INFO|trainer.py:756] 2026-08-03 18:36:00,739 >> Using auto half precision backend
[WARNING|2026-08-03 18:36:00] llamafactory.train.sft.workflow:154 >> Batch generation can be very slow. Consider using `scripts/vllm_infer.py` instead.
[INFO|trainer.py:4327] 2026-08-03 18:36:00,744 >> 
***** Running Prediction *****
[INFO|trainer.py:4329] 2026-08-03 18:36:00,744 >>   Num examples = 200
[INFO|trainer.py:4332] 2026-08-03 18:36:00,744 >>   Batch size = 1
[WARNING|configuration_utils.py:839] 2026-08-03 18:36:00,749 >> The following generation flags are not valid and may be ignored: ['temperature', 'top_k'].
[INFO|configuration_utils.py:840] 2026-08-03 18:36:00,749 >> - `temperature`: `do_sample` is set to `False`. However, `temperature` is set to `0.0` -- this flag is only used in sample-based generation modes. You should set `do_sample=True` or unset `temperature`.
- `top_k`: `do_sample` is set to `False`. However, `top_k` is set to `0` -- this flag is only used in sample-based generation modes. You should set `do_sample=True` or unset `top_k`.
If you're using a pretrained model, note that some of these attributes may be set through the model's `generation_config.json` file.

  0%|          | 0/200 [00:00<?, ?it/s][WARNING|configuration_utils.py:839] 2026-08-03 18:36:04,419 >> The following generation flags are not valid and may be ignored: ['temperature', 'top_k'].
[INFO|configuration_utils.py:840] 2026-08-03 18:36:04,419 >> - `temperature`: `do_sample` is set to `False`. However, `temperature` is set to `0.0` -- this flag is only used in sample-based generation modes. You should set `do_sample=True` or unset `temperature`.
- `top_k`: `do_sample` is set to `False`. However, `top_k` is set to `0` -- this flag is only used in sample-based generation modes. You should set `do_sample=True` or unset `top_k`.
If you're using a pretrained model, note that some of these attributes may be set through the model's `generation_config.json` file.

  1%|          | 2/200 [00:06<10:12,  3.09s/it][WARNING|configuration_utils.py:839] 2026-08-03 18:36:10,609 >> The following generation flags are not valid and may be ignored: ['temperature', 'top_k'].
[INFO|configuration_utils.py:840] 2026-08-03 18:36:10,609 >> - `temperature`: `do_sample` is set to `False`. However, `temperature` is set to `0.0` -- this flag is only used in sample-based generation modes. You should set `do_sample=True` or unset `temperature`.
- `top_k`: `do_sample` is set to `False`. However, `top_k` is set to `0` -- this flag is only used in sample-based generation modes. You should set `do_sample=True` or unset `top_k`.
If you're using a pretrained model, note that some of these attributes may be set through the model's `generation_config.json` file.

  2%|▏         | 3/200 [00:47<1:02:38, 19.08s/it][WARNING|configuration_utils.py:839] 2026-08-03 18:36:52,071 >> The following generation flags are not valid and may be ignored: ['temperature', 'top_k'].
[INFO|configuration_utils.py:840] 2026-08-03 18:36:52,071 >> - `temperature`: `do_sample` is set to `False`. However, `temperature` is set to `0.0` -- this flag is only used in sample-based generation modes. You should set `do_sample=True` or unset `temperature`.
- `top_k`: `do_sample` is set to `False`. However, `top_k` is set to `0` -- this flag is only used in sample-based generation modes. You should set `do_sample=True` or unset `top_k`.
If you're using a pretrained model, note that some of these attributes may be set through the model's `generation_config.json` file.

  2%|▏         | 4/200 [00:55<48:10, 14.75s/it]  [WARNING|configuration_utils.py:839] 2026-08-03 18:36:59,540 >> The following generation flags are not valid and may be ignored: ['temperature', 'top_k'].
[INFO|configuration_utils.py:840] 2026-08-03 18:36:59,540 >> - `temperature`: `do_sample` is set to `False`. However, `temperature` is set to `0.0` -- this flag is only used in sample-based generation modes. You should set `do_sample=True` or unset `temperature`.
- `top_k`: `do_sample` is set to `False`. However, `top_k` is set to `0` -- this flag is only used in sample-based generation modes. You should set `do_sample=True` or unset `top_k`.
If you're using a pretrained model, note that some of these attributes may be set through the model's `generation_config.json` file.

  2%|▎         | 5/200 [01:37<1:18:43, 24.22s/it][WARNING|configuration_utils.py:839] 2026-08-03 18:37:41,543 >> The following generation flags are not valid and may be ignored: ['temperature', 'top_k'].
[INFO|configuration_utils.py:840] 2026-08-03 18:37:41,543 >> - `temperature`: `do_sample` is set to `False`. However, `temperature` is set to `0.0` -- this flag is only used in sample-based generation modes. You should set `do_sample=True` or unset `temperature`.
- `top_k`: `do_sample` is set to `False`. However, `top_k` is set to `0` -- this flag is only used in sample-based generation modes. You should set `do_sample=True` or unset `top_k`.
If you're using a pretrained model, note that some of these attributes may be set through the model's `generation_config.json` file.

  3%|▎         | 6/200 [01:38<53:19, 16.49s/it]  [WARNING|configuration_utils.py:839] 2026-08-03 18:37:42,460 >> The following generation flags are not valid and may be ignored: ['temperature', 'top_k'].
[INFO|configuration_utils.py:840] 2026-08-03 18:37:42,460 >> - `temperature`: `do_sample` is set to `False`. However, `temperature` is set to `0.0` -- this flag is only used in sample-based generation modes. You should set `do_sample=True` or unset `temperature`.
- `top_k`: `do_sample` is set to `False`. However, `top_k` is set to `0` -- this flag is only used in sample-based generation modes. You should set `do_sample=True` or unset `top_k`.
If you're using a pretrained model, note that some of these attributes may be set through the model's `generation_config.json` file.

  4%|▎         | 7/200 [01:41<39:36, 12.31s/it][WARNING|configuration_utils.py:839] 2026-08-03 18:37:45,962 >> The following generation flags are not valid and may be ignored: ['temperature', 'top_k'].
[INFO|configuration_utils.py:840] 2026-08-03 18:37:45,962 >> - `temperature`: `do_sample` is set to `False`. However, `temperature` is set to `0.0` -- this flag is only used in sample-based generation modes. You should set `do_sample=True` or unset `temperature`.
- `top_k`: `do_sample` is set to `False`. However, `top_k` is set to `0` -- this flag is only used in sample-based generation modes. You should set `do_sample=True` or unset `top_k`.
If you're using a pretrained model, note that some of these attributes may be set through the model's `generation_config.json` file.

  4%|▍         | 8/200 [01:43<28:53,  9.03s/it][WARNING|configuration_utils.py:839] 2026-08-03 18:37:47,835 >> The following generation flags are not valid and may be ignored: ['temperature', 'top_k'].
[INFO|configuration_utils.py:840] 2026-08-03 18:37:47,835 >> - `temperature`: `do_sample` is set to `False`. However, `temperature` is set to `0.0` -- this flag is only used in sample-based generation modes. You should set `do_sample=True` or unset `temperature`.
- `top_k`: `do_sample` is set to `False`. However, `top_k` is set to `0` -- this flag is only used in sample-based generation modes. You should set `do_sample=True` or unset `top_k`.
If you're using a pretrained model, note that some of these attributes may be set through the model's `generation_config.json` file.

  4%|▍         | 9/200 [01:43<20:06,  6.32s/it][WARNING|configuration_utils.py:839] 2026-08-03 18:37:48,134 >> The following generation flags are not valid and may be ignored: ['temperature', 'top_k'].
[INFO|configuration_utils.py:840] 2026-08-03 18:37:48,134 >> - `temperature`: `do_sample` is set to `False`. However, `temperature` is set to `0.0` -- this flag is only used in sample-based generation modes. You should set `do_sample=True` or unset `temperature`.
- `top_k`: `do_sample` is set to `False`. However, `top_k` is set to `0` -- this flag is only used in sample-based generation modes. You should set `do_sample=True` or unset `top_k`.
If you're using a pretrained model, note that some of these attributes may be set through the model's `generation_config.json` file.

  5%|▌         | 10/200 [01:57<27:16,  8.62s/it][WARNING|configuration_utils.py:839] 2026-08-03 18:38:01,933 >> The following generation flags are not valid and may be ignored: ['temperature', 'top_k'].
[INFO|configuration_utils.py:840] 2026-08-03 18:38:01,933 >> - `temperature`: `do_sample` is set to `False`. However, `temperature` is set to `0.0` -- this flag is only used in sample-based generation modes. You should set `do_sample=True` or unset `temperature`.
- `top_k`: `do_sample` is set to `False`. However, `top_k` is set to `0` -- this flag is only used in sample-based generation modes. You should set `do_sample=True` or unset `top_k`.
If you're using a pretrained model, note that some of these attributes may be set through the model's `generation_config.json` file.

  6%|▌         | 11/200 [02:04<25:47,  8.19s/it][WARNING|configuration_utils.py:839] 2026-08-03 18:38:09,146 >> The following generation flags are not valid and may be ignored: ['temperature', 'top_k'].
[INFO|configuration_utils.py:840] 2026-08-03 18:38:09,146 >> - `temperature`: `do_sample` is set to `False`. However, `temperature` is set to `0.0` -- this flag is only used in sample-based generation modes. You should set `do_sample=True` or unset `temperature`.
- `top_k`: `do_sample` is set to `False`. However, `top_k` is set to `0` -- this flag is only used in sample-based generation modes. You should set `do_sample=True` or unset `top_k`.
If you're using a pretrained model, note that some of these attributes may be set through the model's `generation_config.json` file.

  6%|▌         | 12/200 [02:26<38:18, 12.22s/it][WARNING|configuration_utils.py:839] 2026-08-03 18:38:30,635 >> The following generation flags are not valid and may be ignored: ['temperature', 'top_k'].
[INFO|configuration_utils.py:840] 2026-08-03 18:38:30,635 >> - `temperature`: `do_sample` is set to `False`. However, `temperature` is set to `0.0` -- this flag is only used in sample-based generation modes. You should set `do_sample=True` or unset `temperature`.
- `top_k`: `do_sample` is set to `False`. However, `top_k` is set to `0` -- this flag is only used in sample-based generation modes. You should set `do_sample=True` or unset `top_k`.
If you're using a pretrained model, note that some of these attributes may be set through the model's `generation_config.json` file.

  6%|▋         | 13/200 [02:28<28:52,  9.26s/it][WARNING|configuration_utils.py:839] 2026-08-03 18:38:33,072 >> The following generation flags are not valid and may be ignored: ['temperature', 'top_k'].
[INFO|configuration_utils.py:840] 2026-08-03 18:38:33,072 >> - `temperature`: `do_sample` is set to `False`. However, `temperature` is set to `0.0` -- this flag is only used in sample-based generation modes. You should set `do_sample=True` or unset `temperature`.
- `top_k`: `do_sample` is set to `False`. However, `top_k` is set to `0` -- this flag is only used in sample-based generation modes. You should set `do_sample=True` or unset `top_k`.
If you're using a pretrained model, note that some of these attributes may be set through the model's `generation_config.json` file.

  7%|▋         | 14/200 [02:29<20:35,  6.64s/it][WARNING|configuration_utils.py:839] 2026-08-03 18:38:33,650 >> The following generation flags are not valid and may be ignored: ['temperature', 'top_k'].
[INFO|configuration_utils.py:840] 2026-08-03 18:38:33,650 >> - `temperature`: `do_sample` is set to `False`. However, `temperature` is set to `0.0` -- this flag is only used in sample-based generation modes. You should set `do_sample=True` or unset `temperature`.
- `top_k`: `do_sample` is set to `False`. However, `top_k` is set to `0` -- this flag is only used in sample-based generation modes. You should set `do_sample=True` or unset `top_k`.
If you're using a pretrained model, note that some of these attributes may be set through the model's `generation_config.json` file.

  8%|▊         | 15/200 [02:50<34:31, 11.20s/it][WARNING|configuration_utils.py:839] 2026-08-03 18:38:55,412 >> The following generation flags are not valid and may be ignored: ['temperature', 'top_k'].
[INFO|configuration_utils.py:840] 2026-08-03 18:38:55,412 >> - `temperature`: `do_sample` is set to `False`. However, `temperature` is set to `0.0` -- this flag is only used in sample-based generation modes. You should set `do_sample=True` or unset `temperature`.
- `top_k`: `do_sample` is set to `False`. However, `top_k` is set to `0` -- this flag is only used in sample-based generation modes. You should set `do_sample=True` or unset `top_k`.
If you're using a pretrained model, note that some of these attributes may be set through the model's `generation_config.json` file.

  8%|▊         | 16/200 [03:12<44:11, 14.41s/it][WARNING|configuration_utils.py:839] 2026-08-03 18:39:17,289 >> The following generation flags are not valid and may be ignored: ['temperature', 'top_k'].
[INFO|configuration_utils.py:840] 2026-08-03 18:39:17,289 >> - `temperature`: `do_sample` is set to `False`. However, `temperature` is set to `0.0` -- this flag is only used in sample-based generation modes. You should set `do_sample=True` or unset `temperature`.
- `top_k`: `do_sample` is set to `False`. However, `top_k` is set to `0` -- this flag is only used in sample-based generation modes. You should set `do_sample=True` or unset `top_k`.
If you're using a pretrained model, note that some of these attributes may be set through the model's `generation_config.json` file.

  8%|▊         | 17/200 [03:19<36:25, 11.94s/it][WARNING|configuration_utils.py:839] 2026-08-03 18:39:23,496 >> The following generation flags are not valid and may be ignored: ['temperature', 'top_k'].
[INFO|configuration_utils.py:840] 2026-08-03 18:39:23,496 >> - `temperature`: `do_sample` is set to `False`. However, `temperature` is set to `0.0` -- this flag is only used in sample-based generation modes. You should set `do_sample=True` or unset `temperature`.
- `top_k`: `do_sample` is set to `False`. However, `top_k` is set to `0` -- this flag is only used in sample-based generation modes. You should set `do_sample=True` or unset `top_k`.
If you're using a pretrained model, note that some of these attributes may be set through the model's `generation_config.json` file.

  9%|▉         | 18/200 [03:30<35:42, 11.77s/it][WARNING|configuration_utils.py:839] 2026-08-03 18:39:34,862 >> The following generation flags are not valid and may be ignored: ['temperature', 'top_k'].
[INFO|configuration_utils.py:840] 2026-08-03 18:39:34,862 >> - `temperature`: `do_sample` is set to `False`. However, `temperature` is set to `0.0` -- this flag is only used in sample-based generation modes. You should set `do_sample=True` or unset `temperature`.
- `top_k`: `do_sample` is set to `False`. However, `top_k` is set to `0` -- this flag is only used in sample-based generation modes. You should set `do_sample=True` or unset `top_k`.
If you're using a pretrained model, note that some of these attributes may be set through the model's `generation_config.json` file.

 10%|▉         | 19/200 [03:42<36:12, 12.00s/it][WARNING|configuration_utils.py:839] 2026-08-03 18:39:47,401 >> The following generation flags are not valid and may be ignored: ['temperature', 'top_k'].
[INFO|configuration_utils.py:840] 2026-08-03 18:39:47,401 >> - `temperature`: `do_sample` is set to `False`. However, `temperature` is set to `0.0` -- this flag is only used in sample-based generation modes. You should set `do_sample=True` or unset `temperature`.
- `top_k`: `do_sample` is set to `False`. However, `top_k` is set to `0` -- this flag is only used in sample-based generation modes. You should set `do_sample=True` or unset `top_k`.
If you're using a pretrained model, note that some of these attributes may be set through the model's `generation_config.json` file.

 10%|█         | 20/200 [03:43<26:02,  8.68s/it][WARNING|configuration_utils.py:839] 2026-08-03 18:39:48,339 >> The following generation flags are not valid and may be ignored: ['temperature', 'top_k'].
[INFO|configuration_utils.py:840] 2026-08-03 18:39:48,339 >> - `temperature`: `do_sample` is set to `False`. However, `temperature` is set to `0.0` -- this flag is only used in sample-based generation modes. You should set `do_sample=True` or unset `temperature`.
- `top_k`: `do_sample` is set to `False`. However, `top_k` is set to `0` -- this flag is only used in sample-based generation modes. You should set `do_sample=True` or unset `top_k`.
If you're using a pretrained model, note that some of these attributes may be set through the model's `generation_config.json` file.

 10%|█         | 21/200 [03:53<26:53,  9.01s/it][WARNING|configuration_utils.py:839] 2026-08-03 18:39:58,129 >> The following generation flags are not valid and may be ignored: ['temperature', 'top_k'].
[INFO|configuration_utils.py:840] 2026-08-03 18:39:58,129 >> - `temperature`: `do_sample` is set to `False`. However, `temperature` is set to `0.0` -- this flag is only used in sample-based generation modes. You should set `do_sample=True` or unset `temperature`.
- `top_k`: `do_sample` is set to `False`. However, `top_k` is set to `0` -- this flag is only used in sample-based generation modes. You should set `do_sample=True` or unset `top_k`.
If you're using a pretrained model, note that some of these attributes may be set through the model's `generation_config.json` file.

 11%|█         | 22/200 [04:31<52:12, 17.60s/it][WARNING|configuration_utils.py:839] 2026-08-03 18:40:35,743 >> The following generation flags are not valid and may be ignored: ['temperature', 'top_k'].
[INFO|configuration_utils.py:840] 2026-08-03 18:40:35,743 >> - `temperature`: `do_sample` is set to `False`. However, `temperature` is set to `0.0` -- this flag is only used in sample-based generation modes. You should set `do_sample=True` or unset `temperature`.
- `top_k`: `do_sample` is set to `False`. However, `top_k` is set to `0` -- this flag is only used in sample-based generation modes. You should set `do_sample=True` or unset `top_k`.
If you're using a pretrained model, note that some of these attributes may be set through the model's `generation_config.json` file.

 12%|█▏        | 23/200 [04:31<36:50, 12.49s/it][WARNING|configuration_utils.py:839] 2026-08-03 18:40:36,321 >> The following generation flags are not valid and may be ignored: ['temperature', 'top_k'].
[INFO|configuration_utils.py:840] 2026-08-03 18:40:36,321 >> - `temperature`: `do_sample` is set to `False`. However, `temperature` is set to `0.0` -- this flag is only used in sample-based generation modes. You should set `do_sample=True` or unset `temperature`.
- `top_k`: `do_sample` is set to `False`. However, `top_k` is set to `0` -- this flag is only used in sample-based generation modes. You should set `do_sample=True` or unset `top_k`.
If you're using a pretrained model, note that some of these attributes may be set through the model's `generation_config.json` file.

 12%|█▏        | 24/200 [04:33<27:26,  9.35s/it][WARNING|configuration_utils.py:839] 2026-08-03 18:40:38,358 >> The following generation flags are not valid and may be ignored: ['temperature', 'top_k'].
[INFO|configuration_utils.py:840] 2026-08-03 18:40:38,358 >> - `temperature`: `do_sample` is set to `False`. However, `temperature` is set to `0.0` -- this flag is only used in sample-based generation modes. You should set `do_sample=True` or unset `temperature`.
- `top_k`: `do_sample` is set to `False`. However, `top_k` is set to `0` -- this flag is only used in sample-based generation modes. You should set `do_sample=True` or unset `top_k`.
If you're using a pretrained model, note that some of these attributes may be set through the model's `generation_config.json` file.

 12%|█▎        | 25/200 [04:34<19:48,  6.79s/it][WARNING|configuration_utils.py:839] 2026-08-03 18:40:39,175 >> The following generation flags are not valid and may be ignored: ['temperature', 'top_k'].
[INFO|configuration_utils.py:840] 2026-08-03 18:40:39,175 >> - `temperature`: `do_sample` is set to `False`. However, `temperature` is set to `0.0` -- this flag is only used in sample-based generation modes. You should set `do_sample=True` or unset `temperature`.
- `top_k`: `do_sample` is set to `False`. However, `top_k` is set to `0` -- this flag is only used in sample-based generation modes. You should set `do_sample=True` or unset `top_k`.
If you're using a pretrained model, note that some of these attributes may be set through the model's `generation_config.json` file.

 13%|█▎        | 26/200 [04:35<14:12,  4.90s/it][WARNING|configuration_utils.py:839] 2026-08-03 18:40:39,653 >> The following generation flags are not valid and may be ignored: ['temperature', 'top_k'].
[INFO|configuration_utils.py:840] 2026-08-03 18:40:39,653 >> - `temperature`: `do_sample` is set to `False`. However, `temperature` is set to `0.0` -- this flag is only used in sample-based generation modes. You should set `do_sample=True` or unset `temperature`.
- `top_k`: `do_sample` is set to `False`. However, `top_k` is set to `0` -- this flag is only used in sample-based generation modes. You should set `do_sample=True` or unset `top_k`.
If you're using a pretrained model, note that some of these attributes may be set through the model's `generation_config.json` file.

 14%|█▎        | 27/200 [04:35<10:23,  3.60s/it][WARNING|configuration_utils.py:839] 2026-08-03 18:40:40,229 >> The following generation flags are not valid and may be ignored: ['temperature', 'top_k'].
[INFO|configuration_utils.py:840] 2026-08-03 18:40:40,229 >> - `temperature`: `do_sample` is set to `False`. However, `temperature` is set to `0.0` -- this flag is only used in sample-based generation modes. You should set `do_sample=True` or unset `temperature`.
- `top_k`: `do_sample` is set to `False`. However, `top_k` is set to `0` -- this flag is only used in sample-based generation modes. You should set `do_sample=True` or unset `top_k`.
If you're using a pretrained model, note that some of these attributes may be set through the model's `generation_config.json` file.

 14%|█▍        | 28/200 [04:40<11:40,  4.07s/it][WARNING|configuration_utils.py:839] 2026-08-03 18:40:45,399 >> The following generation flags are not valid and may be ignored: ['temperature', 'top_k'].
[INFO|configuration_utils.py:840] 2026-08-03 18:40:45,399 >> - `temperature`: `do_sample` is set to `False`. However, `temperature` is set to `0.0` -- this flag is only used in sample-based generation modes. You should set `do_sample=True` or unset `temperature`.
- `top_k`: `do_sample` is set to `False`. However, `top_k` is set to `0` -- this flag is only used in sample-based generation modes. You should set `do_sample=True` or unset `top_k`.
If you're using a pretrained model, note that some of these attributes may be set through the model's `generation_config.json` file.

 14%|█▍        | 29/200 [04:51<17:08,  6.01s/it][WARNING|configuration_utils.py:839] 2026-08-03 18:40:55,940 >> The following generation flags are not valid and may be ignored: ['temperature', 'top_k'].
[INFO|configuration_utils.py:840] 2026-08-03 18:40:55,940 >> - `temperature`: `do_sample` is set to `False`. However, `temperature` is set to `0.0` -- this flag is only used in sample-based generation modes. You should set `do_sample=True` or unset `temperature`.
- `top_k`: `do_sample` is set to `False`. However, `top_k` is set to `0` -- this flag is only used in sample-based generation modes. You should set `do_sample=True` or unset `top_k`.
If you're using a pretrained model, note that some of these attributes may be set through the model's `generation_config.json` file.

 15%|█▌        | 30/200 [04:52<12:37,  4.45s/it][WARNING|configuration_utils.py:839] 2026-08-03 18:40:56,758 >> The following generation flags are not valid and may be ignored: ['temperature', 'top_k'].
[INFO|configuration_utils.py:840] 2026-08-03 18:40:56,758 >> - `temperature`: `do_sample` is set to `False`. However, `temperature` is set to `0.0` -- this flag is only used in sample-based generation modes. You should set `do_sample=True` or unset `temperature`.
- `top_k`: `do_sample` is set to `False`. However, `top_k` is set to `0` -- this flag is only used in sample-based generation modes. You should set `do_sample=True` or unset `top_k`.
If you're using a pretrained model, note that some of these attributes may be set through the model's `generation_config.json` file.

 16%|█▌        | 31/200 [05:10<24:30,  8.70s/it][WARNING|configuration_utils.py:839] 2026-08-03 18:41:15,376 >> The following generation flags are not valid and may be ignored: ['temperature', 'top_k'].
[INFO|configuration_utils.py:840] 2026-08-03 18:41:15,377 >> - `temperature`: `do_sample` is set to `False`. However, `temperature` is set to `0.0` -- this flag is only used in sample-based generation modes. You should set `do_sample=True` or unset `temperature`.
- `top_k`: `do_sample` is set to `False`. However, `top_k` is set to `0` -- this flag is only used in sample-based generation modes. You should set `do_sample=True` or unset `top_k`.
If you're using a pretrained model, note that some of these attributes may be set through the model's `generation_config.json` file.

 16%|█▌        | 32/200 [05:21<26:03,  9.30s/it][WARNING|configuration_utils.py:839] 2026-08-03 18:41:26,082 >> The following generation flags are not valid and may be ignored: ['temperature', 'top_k'].
[INFO|configuration_utils.py:840] 2026-08-03 18:41:26,082 >> - `temperature`: `do_sample` is set to `False`. However, `temperature` is set to `0.0` -- this flag is only used in sample-based generation modes. You should set `do_sample=True` or unset `temperature`.
- `top_k`: `do_sample` is set to `False`. However, `top_k` is set to `0` -- this flag is only used in sample-based generation modes. You should set `do_sample=True` or unset `top_k`.
If you're using a pretrained model, note that some of these attributes may be set through the model's `generation_config.json` file.

 16%|█▋        | 33/200 [05:22<18:49,  6.76s/it][WARNING|configuration_utils.py:839] 2026-08-03 18:41:26,910 >> The following generation flags are not valid and may be ignored: ['temperature', 'top_k'].
[INFO|configuration_utils.py:840] 2026-08-03 18:41:26,910 >> - `temperature`: `do_sample` is set to `False`. However, `temperature` is set to `0.0` -- this flag is only used in sample-based generation modes. You should set `do_sample=True` or unset `temperature`.
- `top_k`: `do_sample` is set to `False`. However, `top_k` is set to `0` -- this flag is only used in sample-based generation modes. You should set `do_sample=True` or unset `top_k`.
If you're using a pretrained model, note that some of these attributes may be set through the model's `generation_config.json` file.

 17%|█▋        | 34/200 [05:22<13:29,  4.88s/it][WARNING|configuration_utils.py:839] 2026-08-03 18:41:27,388 >> The following generation flags are not valid and may be ignored: ['temperature', 'top_k'].
[INFO|configuration_utils.py:840] 2026-08-03 18:41:27,388 >> - `temperature`: `do_sample` is set to `False`. However, `temperature` is set to `0.0` -- this flag is only used in sample-based generation modes. You should set `do_sample=True` or unset `temperature`.
- `top_k`: `do_sample` is set to `False`. However, `top_k` is set to `0` -- this flag is only used in sample-based generation modes. You should set `do_sample=True` or unset `top_k`.
If you're using a pretrained model, note that some of these attributes may be set through the model's `generation_config.json` file.

 18%|█▊        | 35/200 [05:23<09:38,  3.51s/it][WARNING|configuration_utils.py:839] 2026-08-03 18:41:27,698 >> The following generation flags are not valid and may be ignored: ['temperature', 'top_k'].
[INFO|configuration_utils.py:840] 2026-08-03 18:41:27,698 >> - `temperature`: `do_sample` is set to `False`. However, `temperature` is set to `0.0` -- this flag is only used in sample-based generation modes. You should set `do_sample=True` or unset `temperature`.
- `top_k`: `do_sample` is set to `False`. However, `top_k` is set to `0` -- this flag is only used in sample-based generation modes. You should set `do_sample=True` or unset `top_k`.
If you're using a pretrained model, note that some of these attributes may be set through the model's `generation_config.json` file.

 18%|█▊        | 36/200 [05:30<12:22,  4.53s/it][WARNING|configuration_utils.py:839] 2026-08-03 18:41:34,604 >> The following generation flags are not valid and may be ignored: ['temperature', 'top_k'].
[INFO|configuration_utils.py:840] 2026-08-03 18:41:34,604 >> - `temperature`: `do_sample` is set to `False`. However, `temperature` is set to `0.0` -- this flag is only used in sample-based generation modes. You should set `do_sample=True` or unset `temperature`.
- `top_k`: `do_sample` is set to `False`. However, `top_k` is set to `0` -- this flag is only used in sample-based generation modes. You should set `do_sample=True` or unset `top_k`.
If you're using a pretrained model, note that some of these attributes may be set through the model's `generation_config.json` file.

 18%|█▊        | 37/200 [05:30<09:12,  3.39s/it][WARNING|configuration_utils.py:839] 2026-08-03 18:41:35,331 >> The following generation flags are not valid and may be ignored: ['temperature', 'top_k'].
[INFO|configuration_utils.py:840] 2026-08-03 18:41:35,331 >> - `temperature`: `do_sample` is set to `False`. However, `temperature` is set to `0.0` -- this flag is only used in sample-based generation modes. You should set `do_sample=True` or unset `temperature`.
- `top_k`: `do_sample` is set to `False`. However, `top_k` is set to `0` -- this flag is only used in sample-based generation modes. You should set `do_sample=True` or unset `top_k`.
If you're using a pretrained model, note that some of these attributes may be set through the model's `generation_config.json` file.

 19%|█▉        | 38/200 [05:31<06:47,  2.52s/it][WARNING|configuration_utils.py:839] 2026-08-03 18:41:35,813 >> The following generation flags are not valid and may be ignored: ['temperature', 'top_k'].
[INFO|configuration_utils.py:840] 2026-08-03 18:41:35,813 >> - `temperature`: `do_sample` is set to `False`. However, `temperature` is set to `0.0` -- this flag is only used in sample-based generation modes. You should set `do_sample=True` or unset `temperature`.
- `top_k`: `do_sample` is set to `False`. However, `top_k` is set to `0` -- this flag is only used in sample-based generation modes. You should set `do_sample=True` or unset `top_k`.
If you're using a pretrained model, note that some of these attributes may be set through the model's `generation_config.json` file.

 20%|█▉        | 39/200 [05:35<08:20,  3.11s/it][WARNING|configuration_utils.py:839] 2026-08-03 18:41:40,297 >> The following generation flags are not valid and may be ignored: ['temperature', 'top_k'].
[INFO|configuration_utils.py:840] 2026-08-03 18:41:40,297 >> - `temperature`: `do_sample` is set to `False`. However, `temperature` is set to `0.0` -- this flag is only used in sample-based generation modes. You should set `do_sample=True` or unset `temperature`.
- `top_k`: `do_sample` is set to `False`. However, `top_k` is set to `0` -- this flag is only used in sample-based generation modes. You should set `do_sample=True` or unset `top_k`.
If you're using a pretrained model, note that some of these attributes may be set through the model's `generation_config.json` file.

 20%|██        | 40/200 [05:36<06:10,  2.32s/it][WARNING|configuration_utils.py:839] 2026-08-03 18:41:40,776 >> The following generation flags are not valid and may be ignored: ['temperature', 'top_k'].
[INFO|configuration_utils.py:840] 2026-08-03 18:41:40,776 >> - `temperature`: `do_sample` is set to `False`. However, `temperature` is set to `0.0` -- this flag is only used in sample-based generation modes. You should set `do_sample=True` or unset `temperature`.
- `top_k`: `do_sample` is set to `False`. However, `top_k` is set to `0` -- this flag is only used in sample-based generation modes. You should set `do_sample=True` or unset `top_k`.
If you're using a pretrained model, note that some of these attributes may be set through the model's `generation_config.json` file.

 20%|██        | 41/200 [05:36<04:40,  1.77s/it][WARNING|configuration_utils.py:839] 2026-08-03 18:41:41,255 >> The following generation flags are not valid and may be ignored: ['temperature', 'top_k'].
[INFO|configuration_utils.py:840] 2026-08-03 18:41:41,255 >> - `temperature`: `do_sample` is set to `False`. However, `temperature` is set to `0.0` -- this flag is only used in sample-based generation modes. You should set `do_sample=True` or unset `temperature`.
- `top_k`: `do_sample` is set to `False`. However, `top_k` is set to `0` -- this flag is only used in sample-based generation modes. You should set `do_sample=True` or unset `top_k`.
If you're using a pretrained model, note that some of these attributes may be set through the model's `generation_config.json` file.

 21%|██        | 42/200 [05:40<06:25,  2.44s/it][WARNING|configuration_utils.py:839] 2026-08-03 18:41:45,266 >> The following generation flags are not valid and may be ignored: ['temperature', 'top_k'].
[INFO|configuration_utils.py:840] 2026-08-03 18:41:45,266 >> - `temperature`: `do_sample` is set to `False`. However, `temperature` is set to `0.0` -- this flag is only used in sample-based generation modes. You should set `do_sample=True` or unset `temperature`.
- `top_k`: `do_sample` is set to `False`. However, `top_k` is set to `0` -- this flag is only used in sample-based generation modes. You should set `do_sample=True` or unset `top_k`.
If you're using a pretrained model, note that some of these attributes may be set through the model's `generation_config.json` file.

 22%|██▏       | 43/200 [05:41<04:54,  1.88s/it][WARNING|configuration_utils.py:839] 2026-08-03 18:41:45,830 >> The following generation flags are not valid and may be ignored: ['temperature', 'top_k'].
[INFO|configuration_utils.py:840] 2026-08-03 18:41:45,830 >> - `temperature`: `do_sample` is set to `False`. However, `temperature` is set to `0.0` -- this flag is only used in sample-based generation modes. You should set `do_sample=True` or unset `temperature`.
- `top_k`: `do_sample` is set to `False`. However, `top_k` is set to `0` -- this flag is only used in sample-based generation modes. You should set `do_sample=True` or unset `top_k`.
If you're using a pretrained model, note that some of these attributes may be set through the model's `generation_config.json` file.

 22%|██▏       | 44/200 [05:56<14:55,  5.74s/it][WARNING|configuration_utils.py:839] 2026-08-03 18:42:00,591 >> The following generation flags are not valid and may be ignored: ['temperature', 'top_k'].
[INFO|configuration_utils.py:840] 2026-08-03 18:42:00,591 >> - `temperature`: `do_sample` is set to `False`. However, `temperature` is set to `0.0` -- this flag is only used in sample-based generation modes. You should set `do_sample=True` or unset `temperature`.
- `top_k`: `do_sample` is set to `False`. However, `top_k` is set to `0` -- this flag is only used in sample-based generation modes. You should set `do_sample=True` or unset `top_k`.
If you're using a pretrained model, note that some of these attributes may be set through the model's `generation_config.json` file.

 22%|██▎       | 45/200 [06:00<13:49,  5.35s/it][WARNING|configuration_utils.py:839] 2026-08-03 18:42:05,026 >> The following generation flags are not valid and may be ignored: ['temperature', 'top_k'].
[INFO|configuration_utils.py:840] 2026-08-03 18:42:05,026 >> - `temperature`: `do_sample` is set to `False`. However, `temperature` is set to `0.0` -- this flag is only used in sample-based generation modes. You should set `do_sample=True` or unset `temperature`.
- `top_k`: `do_sample` is set to `False`. However, `top_k` is set to `0` -- this flag is only used in sample-based generation modes. You should set `do_sample=True` or unset `top_k`.
If you're using a pretrained model, note that some of these attributes may be set through the model's `generation_config.json` file.

 23%|██▎       | 46/200 [06:01<09:56,  3.87s/it][WARNING|configuration_utils.py:839] 2026-08-03 18:42:05,456 >> The following generation flags are not valid and may be ignored: ['temperature', 'top_k'].
[INFO|configuration_utils.py:840] 2026-08-03 18:42:05,456 >> - `temperature`: `do_sample` is set to `False`. However, `temperature` is set to `0.0` -- this flag is only used in sample-based generation modes. You should set `do_sample=True` or unset `temperature`.
- `top_k`: `do_sample` is set to `False`. However, `top_k` is set to `0` -- this flag is only used in sample-based generation modes. You should set `do_sample=True` or unset `top_k`.
If you're using a pretrained model, note that some of these attributes may be set through the model's `generation_config.json` file.

 24%|██▎       | 47/200 [06:01<07:37,  2.99s/it][WARNING|configuration_utils.py:839] 2026-08-03 18:42:06,392 >> The following generation flags are not valid and may be ignored: ['temperature', 'top_k'].
[INFO|configuration_utils.py:840] 2026-08-03 18:42:06,392 >> - `temperature`: `do_sample` is set to `False`. However, `temperature` is set to `0.0` -- this flag is only used in sample-based generation modes. You should set `do_sample=True` or unset `temperature`.
- `top_k`: `do_sample` is set to `False`. However, `top_k` is set to `0` -- this flag is only used in sample-based generation modes. You should set `do_sample=True` or unset `top_k`.
If you're using a pretrained model, note that some of these attributes may be set through the model's `generation_config.json` file.

 24%|██▍       | 48/200 [06:04<06:51,  2.71s/it][WARNING|configuration_utils.py:839] 2026-08-03 18:42:08,439 >> The following generation flags are not valid and may be ignored: ['temperature', 'top_k'].
[INFO|configuration_utils.py:840] 2026-08-03 18:42:08,439 >> - `temperature`: `do_sample` is set to `False`. However, `temperature` is set to `0.0` -- this flag is only used in sample-based generation modes. You should set `do_sample=True` or unset `temperature`.
- `top_k`: `do_sample` is set to `False`. However, `top_k` is set to `0` -- this flag is only used in sample-based generation modes. You should set `do_sample=True` or unset `top_k`.
If you're using a pretrained model, note that some of these attributes may be set through the model's `generation_config.json` file.

 24%|██▍       | 49/200 [06:15<13:32,  5.38s/it][WARNING|configuration_utils.py:839] 2026-08-03 18:42:20,063 >> The following generation flags are not valid and may be ignored: ['temperature', 'top_k'].
[INFO|configuration_utils.py:840] 2026-08-03 18:42:20,063 >> - `temperature`: `do_sample` is set to `False`. However, `temperature` is set to `0.0` -- this flag is only used in sample-based generation modes. You should set `do_sample=True` or unset `temperature`.
- `top_k`: `do_sample` is set to `False`. However, `top_k` is set to `0` -- this flag is only used in sample-based generation modes. You should set `do_sample=True` or unset `top_k`.
If you're using a pretrained model, note that some of these attributes may be set through the model's `generation_config.json` file.

 25%|██▌       | 50/200 [06:37<25:42, 10.28s/it][WARNING|configuration_utils.py:839] 2026-08-03 18:42:41,779 >> The following generation flags are not valid and may be ignored: ['temperature', 'top_k'].
[INFO|configuration_utils.py:840] 2026-08-03 18:42:41,779 >> - `temperature`: `do_sample` is set to `False`. However, `temperature` is set to `0.0` -- this flag is only used in sample-based generation modes. You should set `do_sample=True` or unset `temperature`.
- `top_k`: `do_sample` is set to `False`. However, `top_k` is set to `0` -- this flag is only used in sample-based generation modes. You should set `do_sample=True` or unset `top_k`.
If you're using a pretrained model, note that some of these attributes may be set through the model's `generation_config.json` file.

 26%|██▌       | 51/200 [06:39<19:26,  7.83s/it][WARNING|configuration_utils.py:839] 2026-08-03 18:42:43,883 >> The following generation flags are not valid and may be ignored: ['temperature', 'top_k'].
[INFO|configuration_utils.py:840] 2026-08-03 18:42:43,883 >> - `temperature`: `do_sample` is set to `False`. However, `temperature` is set to `0.0` -- this flag is only used in sample-based generation modes. You should set `do_sample=True` or unset `temperature`.
- `top_k`: `do_sample` is set to `False`. However, `top_k` is set to `0` -- this flag is only used in sample-based generation modes. You should set `do_sample=True` or unset `top_k`.
If you're using a pretrained model, note that some of these attributes may be set through the model's `generation_config.json` file.

 26%|██▌       | 52/200 [06:40<14:07,  5.72s/it][WARNING|configuration_utils.py:839] 2026-08-03 18:42:44,696 >> The following generation flags are not valid and may be ignored: ['temperature', 'top_k'].
[INFO|configuration_utils.py:840] 2026-08-03 18:42:44,696 >> - `temperature`: `do_sample` is set to `False`. However, `temperature` is set to `0.0` -- this flag is only used in sample-based generation modes. You should set `do_sample=True` or unset `temperature`.
- `top_k`: `do_sample` is set to `False`. However, `top_k` is set to `0` -- this flag is only used in sample-based generation modes. You should set `do_sample=True` or unset `top_k`.
If you're using a pretrained model, note that some of these attributes may be set through the model's `generation_config.json` file.

 26%|██▋       | 53/200 [06:51<18:20,  7.49s/it][WARNING|configuration_utils.py:839] 2026-08-03 18:42:56,301 >> The following generation flags are not valid and may be ignored: ['temperature', 'top_k'].
[INFO|configuration_utils.py:840] 2026-08-03 18:42:56,301 >> - `temperature`: `do_sample` is set to `False`. However, `temperature` is set to `0.0` -- this flag is only used in sample-based generation modes. You should set `do_sample=True` or unset `temperature`.
- `top_k`: `do_sample` is set to `False`. However, `top_k` is set to `0` -- this flag is only used in sample-based generation modes. You should set `do_sample=True` or unset `top_k`.
If you're using a pretrained model, note that some of these attributes may be set through the model's `generation_config.json` file.

 27%|██▋       | 54/200 [06:52<13:10,  5.42s/it][WARNING|configuration_utils.py:839] 2026-08-03 18:42:56,879 >> The following generation flags are not valid and may be ignored: ['temperature', 'top_k'].
[INFO|configuration_utils.py:840] 2026-08-03 18:42:56,879 >> - `temperature`: `do_sample` is set to `False`. However, `temperature` is set to `0.0` -- this flag is only used in sample-based generation modes. You should set `do_sample=True` or unset `temperature`.
- `top_k`: `do_sample` is set to `False`. However, `top_k` is set to `0` -- this flag is only used in sample-based generation modes. You should set `do_sample=True` or unset `top_k`.
If you're using a pretrained model, note that some of these attributes may be set through the model's `generation_config.json` file.

 28%|██▊       | 55/200 [07:01<15:31,  6.42s/it][WARNING|configuration_utils.py:839] 2026-08-03 18:43:05,659 >> The following generation flags are not valid and may be ignored: ['temperature', 'top_k'].
[INFO|configuration_utils.py:840] 2026-08-03 18:43:05,659 >> - `temperature`: `do_sample` is set to `False`. However, `temperature` is set to `0.0` -- this flag is only used in sample-based generation modes. You should set `do_sample=True` or unset `temperature`.
- `top_k`: `do_sample` is set to `False`. However, `top_k` is set to `0` -- this flag is only used in sample-based generation modes. You should set `do_sample=True` or unset `top_k`.
If you're using a pretrained model, note that some of these attributes may be set through the model's `generation_config.json` file.

 28%|██▊       | 56/200 [07:07<15:14,  6.35s/it][WARNING|configuration_utils.py:839] 2026-08-03 18:43:11,839 >> The following generation flags are not valid and may be ignored: ['temperature', 'top_k'].
[INFO|configuration_utils.py:840] 2026-08-03 18:43:11,839 >> - `temperature`: `do_sample` is set to `False`. However, `temperature` is set to `0.0` -- this flag is only used in sample-based generation modes. You should set `do_sample=True` or unset `temperature`.
- `top_k`: `do_sample` is set to `False`. However, `top_k` is set to `0` -- this flag is only used in sample-based generation modes. You should set `do_sample=True` or unset `top_k`.
If you're using a pretrained model, note that some of these attributes may be set through the model's `generation_config.json` file.

 28%|██▊       | 57/200 [07:08<11:24,  4.79s/it][WARNING|configuration_utils.py:839] 2026-08-03 18:43:12,970 >> The following generation flags are not valid and may be ignored: ['temperature', 'top_k'].
[INFO|configuration_utils.py:840] 2026-08-03 18:43:12,970 >> - `temperature`: `do_sample` is set to `False`. However, `temperature` is set to `0.0` -- this flag is only used in sample-based generation modes. You should set `do_sample=True` or unset `temperature`.
- `top_k`: `do_sample` is set to `False`. However, `top_k` is set to `0` -- this flag is only used in sample-based generation modes. You should set `do_sample=True` or unset `top_k`.
If you're using a pretrained model, note that some of these attributes may be set through the model's `generation_config.json` file.

 29%|██▉       | 58/200 [07:50<37:26, 15.82s/it][WARNING|configuration_utils.py:839] 2026-08-03 18:43:54,532 >> The following generation flags are not valid and may be ignored: ['temperature', 'top_k'].
[INFO|configuration_utils.py:840] 2026-08-03 18:43:54,532 >> - `temperature`: `do_sample` is set to `False`. However, `temperature` is set to `0.0` -- this flag is only used in sample-based generation modes. You should set `do_sample=True` or unset `temperature`.
- `top_k`: `do_sample` is set to `False`. However, `top_k` is set to `0` -- this flag is only used in sample-based generation modes. You should set `do_sample=True` or unset `top_k`.
If you're using a pretrained model, note that some of these attributes may be set through the model's `generation_config.json` file.

 30%|██▉       | 59/200 [07:58<32:00, 13.62s/it][WARNING|configuration_utils.py:839] 2026-08-03 18:44:03,016 >> The following generation flags are not valid and may be ignored: ['temperature', 'top_k'].
[INFO|configuration_utils.py:840] 2026-08-03 18:44:03,016 >> - `temperature`: `do_sample` is set to `False`. However, `temperature` is set to `0.0` -- this flag is only used in sample-based generation modes. You should set `do_sample=True` or unset `temperature`.
- `top_k`: `do_sample` is set to `False`. However, `top_k` is set to `0` -- this flag is only used in sample-based generation modes. You should set `do_sample=True` or unset `top_k`.
If you're using a pretrained model, note that some of these attributes may be set through the model's `generation_config.json` file.

 30%|███       | 60/200 [08:13<32:19, 13.85s/it][WARNING|configuration_utils.py:839] 2026-08-03 18:44:17,420 >> The following generation flags are not valid and may be ignored: ['temperature', 'top_k'].
[INFO|configuration_utils.py:840] 2026-08-03 18:44:17,420 >> - `temperature`: `do_sample` is set to `False`. However, `temperature` is set to `0.0` -- this flag is only used in sample-based generation modes. You should set `do_sample=True` or unset `temperature`.
- `top_k`: `do_sample` is set to `False`. However, `top_k` is set to `0` -- this flag is only used in sample-based generation modes. You should set `do_sample=True` or unset `top_k`.
If you're using a pretrained model, note that some of these attributes may be set through the model's `generation_config.json` file.

 30%|███       | 61/200 [08:13<22:47,  9.84s/it][WARNING|configuration_utils.py:839] 2026-08-03 18:44:17,897 >> The following generation flags are not valid and may be ignored: ['temperature', 'top_k'].
[INFO|configuration_utils.py:840] 2026-08-03 18:44:17,897 >> - `temperature`: `do_sample` is set to `False`. However, `temperature` is set to `0.0` -- this flag is only used in sample-based generation modes. You should set `do_sample=True` or unset `temperature`.
- `top_k`: `do_sample` is set to `False`. However, `top_k` is set to `0` -- this flag is only used in sample-based generation modes. You should set `do_sample=True` or unset `top_k`.
If you're using a pretrained model, note that some of these attributes may be set through the model's `generation_config.json` file.

 31%|███       | 62/200 [08:15<17:11,  7.47s/it][WARNING|configuration_utils.py:839] 2026-08-03 18:44:19,849 >> The following generation flags are not valid and may be ignored: ['temperature', 'top_k'].
[INFO|configuration_utils.py:840] 2026-08-03 18:44:19,849 >> - `temperature`: `do_sample` is set to `False`. However, `temperature` is set to `0.0` -- this flag is only used in sample-based generation modes. You should set `do_sample=True` or unset `temperature`.
- `top_k`: `do_sample` is set to `False`. However, `top_k` is set to `0` -- this flag is only used in sample-based generation modes. You should set `do_sample=True` or unset `top_k`.
If you're using a pretrained model, note that some of these attributes may be set through the model's `generation_config.json` file.

 32%|███▏      | 63/200 [08:29<21:46,  9.53s/it][WARNING|configuration_utils.py:839] 2026-08-03 18:44:34,187 >> The following generation flags are not valid and may be ignored: ['temperature', 'top_k'].
[INFO|configuration_utils.py:840] 2026-08-03 18:44:34,187 >> - `temperature`: `do_sample` is set to `False`. However, `temperature` is set to `0.0` -- this flag is only used in sample-based generation modes. You should set `do_sample=True` or unset `temperature`.
- `top_k`: `do_sample` is set to `False`. However, `top_k` is set to `0` -- this flag is only used in sample-based generation modes. You should set `do_sample=True` or unset `top_k`.
If you're using a pretrained model, note that some of these attributes may be set through the model's `generation_config.json` file.

 32%|███▏      | 64/200 [08:30<15:44,  6.94s/it][WARNING|configuration_utils.py:839] 2026-08-03 18:44:35,090 >> The following generation flags are not valid and may be ignored: ['temperature', 'top_k'].
[INFO|configuration_utils.py:840] 2026-08-03 18:44:35,090 >> - `temperature`: `do_sample` is set to `False`. However, `temperature` is set to `0.0` -- this flag is only used in sample-based generation modes. You should set `do_sample=True` or unset `temperature`.
- `top_k`: `do_sample` is set to `False`. However, `top_k` is set to `0` -- this flag is only used in sample-based generation modes. You should set `do_sample=True` or unset `top_k`.
If you're using a pretrained model, note that some of these attributes may be set through the model's `generation_config.json` file.

 32%|███▎      | 65/200 [08:31<11:18,  5.03s/it][WARNING|configuration_utils.py:839] 2026-08-03 18:44:35,640 >> The following generation flags are not valid and may be ignored: ['temperature', 'top_k'].
[INFO|configuration_utils.py:840] 2026-08-03 18:44:35,640 >> - `temperature`: `do_sample` is set to `False`. However, `temperature` is set to `0.0` -- this flag is only used in sample-based generation modes. You should set `do_sample=True` or unset `temperature`.
- `top_k`: `do_sample` is set to `False`. However, `top_k` is set to `0` -- this flag is only used in sample-based generation modes. You should set `do_sample=True` or unset `top_k`.
If you're using a pretrained model, note that some of these attributes may be set through the model's `generation_config.json` file.

 33%|███▎      | 66/200 [08:33<09:04,  4.06s/it][WARNING|configuration_utils.py:839] 2026-08-03 18:44:37,462 >> The following generation flags are not valid and may be ignored: ['temperature', 'top_k'].
[INFO|configuration_utils.py:840] 2026-08-03 18:44:37,462 >> - `temperature`: `do_sample` is set to `False`. However, `temperature` is set to `0.0` -- this flag is only used in sample-based generation modes. You should set `do_sample=True` or unset `temperature`.
- `top_k`: `do_sample` is set to `False`. However, `top_k` is set to `0` -- this flag is only used in sample-based generation modes. You should set `do_sample=True` or unset `top_k`.
If you're using a pretrained model, note that some of these attributes may be set through the model's `generation_config.json` file.

 34%|███▎      | 67/200 [08:33<06:40,  3.01s/it][WARNING|configuration_utils.py:839] 2026-08-03 18:44:38,012 >> The following generation flags are not valid and may be ignored: ['temperature', 'top_k'].
[INFO|configuration_utils.py:840] 2026-08-03 18:44:38,013 >> - `temperature`: `do_sample` is set to `False`. However, `temperature` is set to `0.0` -- this flag is only used in sample-based generation modes. You should set `do_sample=True` or unset `temperature`.
- `top_k`: `do_sample` is set to `False`. However, `top_k` is set to `0` -- this flag is only used in sample-based generation modes. You should set `do_sample=True` or unset `top_k`.
If you're using a pretrained model, note that some of these attributes may be set through the model's `generation_config.json` file.

 34%|███▍      | 68/200 [09:15<32:05, 14.59s/it][WARNING|configuration_utils.py:839] 2026-08-03 18:45:19,622 >> The following generation flags are not valid and may be ignored: ['temperature', 'top_k'].
[INFO|configuration_utils.py:840] 2026-08-03 18:45:19,622 >> - `temperature`: `do_sample` is set to `False`. However, `temperature` is set to `0.0` -- this flag is only used in sample-based generation modes. You should set `do_sample=True` or unset `temperature`.
- `top_k`: `do_sample` is set to `False`. However, `top_k` is set to `0` -- this flag is only used in sample-based generation modes. You should set `do_sample=True` or unset `top_k`.
If you're using a pretrained model, note that some of these attributes may be set through the model's `generation_config.json` file.

 34%|███▍      | 69/200 [09:47<43:13, 19.80s/it][WARNING|configuration_utils.py:839] 2026-08-03 18:45:51,576 >> The following generation flags are not valid and may be ignored: ['temperature', 'top_k'].
[INFO|configuration_utils.py:840] 2026-08-03 18:45:51,577 >> - `temperature`: `do_sample` is set to `False`. However, `temperature` is set to `0.0` -- this flag is only used in sample-based generation modes. You should set `do_sample=True` or unset `temperature`.
- `top_k`: `do_sample` is set to `False`. However, `top_k` is set to `0` -- this flag is only used in sample-based generation modes. You should set `do_sample=True` or unset `top_k`.
If you're using a pretrained model, note that some of these attributes may be set through the model's `generation_config.json` file.

 35%|███▌      | 70/200 [10:01<39:18, 18.14s/it][WARNING|configuration_utils.py:839] 2026-08-03 18:46:05,844 >> The following generation flags are not valid and may be ignored: ['temperature', 'top_k'].
[INFO|configuration_utils.py:840] 2026-08-03 18:46:05,845 >> - `temperature`: `do_sample` is set to `False`. However, `temperature` is set to `0.0` -- this flag is only used in sample-based generation modes. You should set `do_sample=True` or unset `temperature`.
- `top_k`: `do_sample` is set to `False`. However, `top_k` is set to `0` -- this flag is only used in sample-based generation modes. You should set `do_sample=True` or unset `top_k`.
If you're using a pretrained model, note that some of these attributes may be set through the model's `generation_config.json` file.

 36%|███▌      | 71/200 [10:25<43:07, 20.06s/it][WARNING|configuration_utils.py:839] 2026-08-03 18:46:30,368 >> The following generation flags are not valid and may be ignored: ['temperature', 'top_k'].
[INFO|configuration_utils.py:840] 2026-08-03 18:46:30,368 >> - `temperature`: `do_sample` is set to `False`. However, `temperature` is set to `0.0` -- this flag is only used in sample-based generation modes. You should set `do_sample=True` or unset `temperature`.
- `top_k`: `do_sample` is set to `False`. However, `top_k` is set to `0` -- this flag is only used in sample-based generation modes. You should set `do_sample=True` or unset `top_k`.
If you're using a pretrained model, note that some of these attributes may be set through the model's `generation_config.json` file.

 36%|███▌      | 72/200 [10:26<30:08, 14.13s/it][WARNING|configuration_utils.py:839] 2026-08-03 18:46:30,671 >> The following generation flags are not valid and may be ignored: ['temperature', 'top_k'].
[INFO|configuration_utils.py:840] 2026-08-03 18:46:30,671 >> - `temperature`: `do_sample` is set to `False`. However, `temperature` is set to `0.0` -- this flag is only used in sample-based generation modes. You should set `do_sample=True` or unset `temperature`.
- `top_k`: `do_sample` is set to `False`. However, `top_k` is set to `0` -- this flag is only used in sample-based generation modes. You should set `do_sample=True` or unset `top_k`.
If you're using a pretrained model, note that some of these attributes may be set through the model's `generation_config.json` file.

 36%|███▋      | 73/200 [11:07<47:16, 22.33s/it][WARNING|configuration_utils.py:839] 2026-08-03 18:47:12,144 >> The following generation flags are not valid and may be ignored: ['temperature', 'top_k'].
[INFO|configuration_utils.py:840] 2026-08-03 18:47:12,144 >> - `temperature`: `do_sample` is set to `False`. However, `temperature` is set to `0.0` -- this flag is only used in sample-based generation modes. You should set `do_sample=True` or unset `temperature`.
- `top_k`: `do_sample` is set to `False`. However, `top_k` is set to `0` -- this flag is only used in sample-based generation modes. You should set `do_sample=True` or unset `top_k`.
If you're using a pretrained model, note that some of these attributes may be set through the model's `generation_config.json` file.

 37%|███▋      | 74/200 [11:35<50:26, 24.02s/it][WARNING|configuration_utils.py:839] 2026-08-03 18:47:40,113 >> The following generation flags are not valid and may be ignored: ['temperature', 'top_k'].
[INFO|configuration_utils.py:840] 2026-08-03 18:47:40,113 >> - `temperature`: `do_sample` is set to `False`. However, `temperature` is set to `0.0` -- this flag is only used in sample-based generation modes. You should set `do_sample=True` or unset `temperature`.
- `top_k`: `do_sample` is set to `False`. However, `top_k` is set to `0` -- this flag is only used in sample-based generation modes. You should set `do_sample=True` or unset `top_k`.
If you're using a pretrained model, note that some of these attributes may be set through the model's `generation_config.json` file.

 38%|███▊      | 75/200 [11:36<35:18, 16.95s/it][WARNING|configuration_utils.py:839] 2026-08-03 18:47:40,544 >> The following generation flags are not valid and may be ignored: ['temperature', 'top_k'].
[INFO|configuration_utils.py:840] 2026-08-03 18:47:40,544 >> - `temperature`: `do_sample` is set to `False`. However, `temperature` is set to `0.0` -- this flag is only used in sample-based generation modes. You should set `do_sample=True` or unset `temperature`.
- `top_k`: `do_sample` is set to `False`. However, `top_k` is set to `0` -- this flag is only used in sample-based generation modes. You should set `do_sample=True` or unset `top_k`.
If you're using a pretrained model, note that some of these attributes may be set through the model's `generation_config.json` file.

 38%|███▊      | 76/200 [11:37<25:05, 12.14s/it][WARNING|configuration_utils.py:839] 2026-08-03 18:47:41,467 >> The following generation flags are not valid and may be ignored: ['temperature', 'top_k'].
[INFO|configuration_utils.py:840] 2026-08-03 18:47:41,467 >> - `temperature`: `do_sample` is set to `False`. However, `temperature` is set to `0.0` -- this flag is only used in sample-based generation modes. You should set `do_sample=True` or unset `temperature`.
- `top_k`: `do_sample` is set to `False`. However, `top_k` is set to `0` -- this flag is only used in sample-based generation modes. You should set `do_sample=True` or unset `top_k`.
If you're using a pretrained model, note that some of these attributes may be set through the model's `generation_config.json` file.

 38%|███▊      | 77/200 [11:50<25:23, 12.39s/it][WARNING|configuration_utils.py:839] 2026-08-03 18:47:54,432 >> The following generation flags are not valid and may be ignored: ['temperature', 'top_k'].
[INFO|configuration_utils.py:840] 2026-08-03 18:47:54,432 >> - `temperature`: `do_sample` is set to `False`. However, `temperature` is set to `0.0` -- this flag is only used in sample-based generation modes. You should set `do_sample=True` or unset `temperature`.
- `top_k`: `do_sample` is set to `False`. However, `top_k` is set to `0` -- this flag is only used in sample-based generation modes. You should set `do_sample=True` or unset `top_k`.
If you're using a pretrained model, note that some of these attributes may be set through the model's `generation_config.json` file.

 39%|███▉      | 78/200 [11:57<22:02, 10.84s/it][WARNING|configuration_utils.py:839] 2026-08-03 18:48:01,672 >> The following generation flags are not valid and may be ignored: ['temperature', 'top_k'].
[INFO|configuration_utils.py:840] 2026-08-03 18:48:01,673 >> - `temperature`: `do_sample` is set to `False`. However, `temperature` is set to `0.0` -- this flag is only used in sample-based generation modes. You should set `do_sample=True` or unset `temperature`.
- `top_k`: `do_sample` is set to `False`. However, `top_k` is set to `0` -- this flag is only used in sample-based generation modes. You should set `do_sample=True` or unset `top_k`.
If you're using a pretrained model, note that some of these attributes may be set through the model's `generation_config.json` file.

 40%|███▉      | 79/200 [12:38<40:26, 20.05s/it][WARNING|configuration_utils.py:839] 2026-08-03 18:48:43,211 >> The following generation flags are not valid and may be ignored: ['temperature', 'top_k'].
[INFO|configuration_utils.py:840] 2026-08-03 18:48:43,211 >> - `temperature`: `do_sample` is set to `False`. However, `temperature` is set to `0.0` -- this flag is only used in sample-based generation modes. You should set `do_sample=True` or unset `temperature`.
- `top_k`: `do_sample` is set to `False`. However, `top_k` is set to `0` -- this flag is only used in sample-based generation modes. You should set `do_sample=True` or unset `top_k`.
If you're using a pretrained model, note that some of these attributes may be set through the model's `generation_config.json` file.

 40%|████      | 80/200 [12:52<36:20, 18.17s/it][WARNING|configuration_utils.py:839] 2026-08-03 18:48:56,993 >> The following generation flags are not valid and may be ignored: ['temperature', 'top_k'].
[INFO|configuration_utils.py:840] 2026-08-03 18:48:56,993 >> - `temperature`: `do_sample` is set to `False`. However, `temperature` is set to `0.0` -- this flag is only used in sample-based generation modes. You should set `do_sample=True` or unset `temperature`.
- `top_k`: `do_sample` is set to `False`. However, `top_k` is set to `0` -- this flag is only used in sample-based generation modes. You should set `do_sample=True` or unset `top_k`.
If you're using a pretrained model, note that some of these attributes may be set through the model's `generation_config.json` file.

 40%|████      | 81/200 [12:54<26:37, 13.43s/it][WARNING|configuration_utils.py:839] 2026-08-03 18:48:59,352 >> The following generation flags are not valid and may be ignored: ['temperature', 'top_k'].
[INFO|configuration_utils.py:840] 2026-08-03 18:48:59,352 >> - `temperature`: `do_sample` is set to `False`. However, `temperature` is set to `0.0` -- this flag is only used in sample-based generation modes. You should set `do_sample=True` or unset `temperature`.
- `top_k`: `do_sample` is set to `False`. However, `top_k` is set to `0` -- this flag is only used in sample-based generation modes. You should set `do_sample=True` or unset `top_k`.
If you're using a pretrained model, note that some of these attributes may be set through the model's `generation_config.json` file.

 41%|████      | 82/200 [13:07<25:53, 13.16s/it][WARNING|configuration_utils.py:839] 2026-08-03 18:49:11,905 >> The following generation flags are not valid and may be ignored: ['temperature', 'top_k'].
[INFO|configuration_utils.py:840] 2026-08-03 18:49:11,905 >> - `temperature`: `do_sample` is set to `False`. However, `temperature` is set to `0.0` -- this flag is only used in sample-based generation modes. You should set `do_sample=True` or unset `temperature`.
- `top_k`: `do_sample` is set to `False`. However, `top_k` is set to `0` -- this flag is only used in sample-based generation modes. You should set `do_sample=True` or unset `top_k`.
If you're using a pretrained model, note that some of these attributes may be set through the model's `generation_config.json` file.

 42%|████▏     | 83/200 [13:08<18:36,  9.54s/it][WARNING|configuration_utils.py:839] 2026-08-03 18:49:12,991 >> The following generation flags are not valid and may be ignored: ['temperature', 'top_k'].
[INFO|configuration_utils.py:840] 2026-08-03 18:49:12,991 >> - `temperature`: `do_sample` is set to `False`. However, `temperature` is set to `0.0` -- this flag is only used in sample-based generation modes. You should set `do_sample=True` or unset `temperature`.
- `top_k`: `do_sample` is set to `False`. However, `top_k` is set to `0` -- this flag is only used in sample-based generation modes. You should set `do_sample=True` or unset `top_k`.
If you're using a pretrained model, note that some of these attributes may be set through the model's `generation_config.json` file.

 42%|████▏     | 84/200 [13:09<13:27,  6.96s/it][WARNING|configuration_utils.py:839] 2026-08-03 18:49:13,927 >> The following generation flags are not valid and may be ignored: ['temperature', 'top_k'].
[INFO|configuration_utils.py:840] 2026-08-03 18:49:13,927 >> - `temperature`: `do_sample` is set to `False`. However, `temperature` is set to `0.0` -- this flag is only used in sample-based generation modes. You should set `do_sample=True` or unset `temperature`.
- `top_k`: `do_sample` is set to `False`. However, `top_k` is set to `0` -- this flag is only used in sample-based generation modes. You should set `do_sample=True` or unset `top_k`.
If you're using a pretrained model, note that some of these attributes may be set through the model's `generation_config.json` file.

 42%|████▎     | 85/200 [13:10<09:40,  5.05s/it][WARNING|configuration_utils.py:839] 2026-08-03 18:49:14,506 >> The following generation flags are not valid and may be ignored: ['temperature', 'top_k'].
[INFO|configuration_utils.py:840] 2026-08-03 18:49:14,506 >> - `temperature`: `do_sample` is set to `False`. However, `temperature` is set to `0.0` -- this flag is only used in sample-based generation modes. You should set `do_sample=True` or unset `temperature`.
- `top_k`: `do_sample` is set to `False`. However, `top_k` is set to `0` -- this flag is only used in sample-based generation modes. You should set `do_sample=True` or unset `top_k`.
If you're using a pretrained model, note that some of these attributes may be set through the model's `generation_config.json` file.

 43%|████▎     | 86/200 [13:43<25:58, 13.67s/it][WARNING|configuration_utils.py:839] 2026-08-03 18:49:48,302 >> The following generation flags are not valid and may be ignored: ['temperature', 'top_k'].
[INFO|configuration_utils.py:840] 2026-08-03 18:49:48,302 >> - `temperature`: `do_sample` is set to `False`. However, `temperature` is set to `0.0` -- this flag is only used in sample-based generation modes. You should set `do_sample=True` or unset `temperature`.
- `top_k`: `do_sample` is set to `False`. However, `top_k` is set to `0` -- this flag is only used in sample-based generation modes. You should set `do_sample=True` or unset `top_k`.
If you're using a pretrained model, note that some of these attributes may be set through the model's `generation_config.json` file.

 44%|████▎     | 87/200 [13:44<18:11,  9.66s/it][WARNING|configuration_utils.py:839] 2026-08-03 18:49:48,614 >> The following generation flags are not valid and may be ignored: ['temperature', 'top_k'].
[INFO|configuration_utils.py:840] 2026-08-03 18:49:48,614 >> - `temperature`: `do_sample` is set to `False`. However, `temperature` is set to `0.0` -- this flag is only used in sample-based generation modes. You should set `do_sample=True` or unset `temperature`.
- `top_k`: `do_sample` is set to `False`. However, `top_k` is set to `0` -- this flag is only used in sample-based generation modes. You should set `do_sample=True` or unset `top_k`.
If you're using a pretrained model, note that some of these attributes may be set through the model's `generation_config.json` file.

 44%|████▍     | 88/200 [13:53<17:50,  9.56s/it][WARNING|configuration_utils.py:839] 2026-08-03 18:49:57,921 >> The following generation flags are not valid and may be ignored: ['temperature', 'top_k'].
[INFO|configuration_utils.py:840] 2026-08-03 18:49:57,921 >> - `temperature`: `do_sample` is set to `False`. However, `temperature` is set to `0.0` -- this flag is only used in sample-based generation modes. You should set `do_sample=True` or unset `temperature`.
- `top_k`: `do_sample` is set to `False`. However, `top_k` is set to `0` -- this flag is only used in sample-based generation modes. You should set `do_sample=True` or unset `top_k`.
If you're using a pretrained model, note that some of these attributes may be set through the model's `generation_config.json` file.

 44%|████▍     | 89/200 [14:06<19:40, 10.63s/it][WARNING|configuration_utils.py:839] 2026-08-03 18:50:11,066 >> The following generation flags are not valid and may be ignored: ['temperature', 'top_k'].
[INFO|configuration_utils.py:840] 2026-08-03 18:50:11,066 >> - `temperature`: `do_sample` is set to `False`. However, `temperature` is set to `0.0` -- this flag is only used in sample-based generation modes. You should set `do_sample=True` or unset `temperature`.
- `top_k`: `do_sample` is set to `False`. However, `top_k` is set to `0` -- this flag is only used in sample-based generation modes. You should set `do_sample=True` or unset `top_k`.
If you're using a pretrained model, note that some of these attributes may be set through the model's `generation_config.json` file.

 45%|████▌     | 90/200 [14:07<13:54,  7.59s/it][WARNING|configuration_utils.py:839] 2026-08-03 18:50:11,544 >> The following generation flags are not valid and may be ignored: ['temperature', 'top_k'].
[INFO|configuration_utils.py:840] 2026-08-03 18:50:11,544 >> - `temperature`: `do_sample` is set to `False`. However, `temperature` is set to `0.0` -- this flag is only used in sample-based generation modes. You should set `do_sample=True` or unset `temperature`.
- `top_k`: `do_sample` is set to `False`. However, `top_k` is set to `0` -- this flag is only used in sample-based generation modes. You should set `do_sample=True` or unset `top_k`.
If you're using a pretrained model, note that some of these attributes may be set through the model's `generation_config.json` file.

 46%|████▌     | 91/200 [14:08<10:21,  5.70s/it][WARNING|configuration_utils.py:839] 2026-08-03 18:50:12,837 >> The following generation flags are not valid and may be ignored: ['temperature', 'top_k'].
[INFO|configuration_utils.py:840] 2026-08-03 18:50:12,837 >> - `temperature`: `do_sample` is set to `False`. However, `temperature` is set to `0.0` -- this flag is only used in sample-based generation modes. You should set `do_sample=True` or unset `temperature`.
- `top_k`: `do_sample` is set to `False`. However, `top_k` is set to `0` -- this flag is only used in sample-based generation modes. You should set `do_sample=True` or unset `top_k`.
If you're using a pretrained model, note that some of these attributes may be set through the model's `generation_config.json` file.

 46%|████▌     | 92/200 [14:09<07:43,  4.29s/it][WARNING|configuration_utils.py:839] 2026-08-03 18:50:13,849 >> The following generation flags are not valid and may be ignored: ['temperature', 'top_k'].
[INFO|configuration_utils.py:840] 2026-08-03 18:50:13,849 >> - `temperature`: `do_sample` is set to `False`. However, `temperature` is set to `0.0` -- this flag is only used in sample-based generation modes. You should set `do_sample=True` or unset `temperature`.
- `top_k`: `do_sample` is set to `False`. However, `top_k` is set to `0` -- this flag is only used in sample-based generation modes. You should set `do_sample=True` or unset `top_k`.
If you're using a pretrained model, note that some of these attributes may be set through the model's `generation_config.json` file.

 46%|████▋     | 93/200 [14:10<05:51,  3.29s/it][WARNING|configuration_utils.py:839] 2026-08-03 18:50:14,785 >> The following generation flags are not valid and may be ignored: ['temperature', 'top_k'].
[INFO|configuration_utils.py:840] 2026-08-03 18:50:14,785 >> - `temperature`: `do_sample` is set to `False`. However, `temperature` is set to `0.0` -- this flag is only used in sample-based generation modes. You should set `do_sample=True` or unset `temperature`.
- `top_k`: `do_sample` is set to `False`. However, `top_k` is set to `0` -- this flag is only used in sample-based generation modes. You should set `do_sample=True` or unset `top_k`.
If you're using a pretrained model, note that some of these attributes may be set through the model's `generation_config.json` file.

 47%|████▋     | 94/200 [14:11<04:46,  2.70s/it][WARNING|configuration_utils.py:839] 2026-08-03 18:50:16,122 >> The following generation flags are not valid and may be ignored: ['temperature', 'top_k'].
[INFO|configuration_utils.py:840] 2026-08-03 18:50:16,122 >> - `temperature`: `do_sample` is set to `False`. However, `temperature` is set to `0.0` -- this flag is only used in sample-based generation modes. You should set `do_sample=True` or unset `temperature`.
- `top_k`: `do_sample` is set to `False`. However, `top_k` is set to `0` -- this flag is only used in sample-based generation modes. You should set `do_sample=True` or unset `top_k`.
If you're using a pretrained model, note that some of these attributes may be set through the model's `generation_config.json` file.

 48%|████▊     | 95/200 [14:18<06:48,  3.89s/it][WARNING|configuration_utils.py:839] 2026-08-03 18:50:22,792 >> The following generation flags are not valid and may be ignored: ['temperature', 'top_k'].
[INFO|configuration_utils.py:840] 2026-08-03 18:50:22,792 >> - `temperature`: `do_sample` is set to `False`. However, `temperature` is set to `0.0` -- this flag is only used in sample-based generation modes. You should set `do_sample=True` or unset `temperature`.
- `top_k`: `do_sample` is set to `False`. However, `top_k` is set to `0` -- this flag is only used in sample-based generation modes. You should set `do_sample=True` or unset `top_k`.
If you're using a pretrained model, note that some of these attributes may be set through the model's `generation_config.json` file.

 48%|████▊     | 96/200 [14:20<05:48,  3.35s/it][WARNING|configuration_utils.py:839] 2026-08-03 18:50:24,893 >> The following generation flags are not valid and may be ignored: ['temperature', 'top_k'].
[INFO|configuration_utils.py:840] 2026-08-03 18:50:24,893 >> - `temperature`: `do_sample` is set to `False`. However, `temperature` is set to `0.0` -- this flag is only used in sample-based generation modes. You should set `do_sample=True` or unset `temperature`.
- `top_k`: `do_sample` is set to `False`. However, `top_k` is set to `0` -- this flag is only used in sample-based generation modes. You should set `do_sample=True` or unset `top_k`.
If you're using a pretrained model, note that some of these attributes may be set through the model's `generation_config.json` file.

 48%|████▊     | 97/200 [14:21<04:20,  2.53s/it][WARNING|configuration_utils.py:839] 2026-08-03 18:50:25,486 >> The following generation flags are not valid and may be ignored: ['temperature', 'top_k'].
[INFO|configuration_utils.py:840] 2026-08-03 18:50:25,486 >> - `temperature`: `do_sample` is set to `False`. However, `temperature` is set to `0.0` -- this flag is only used in sample-based generation modes. You should set `do_sample=True` or unset `temperature`.
- `top_k`: `do_sample` is set to `False`. However, `top_k` is set to `0` -- this flag is only used in sample-based generation modes. You should set `do_sample=True` or unset `top_k`.
If you're using a pretrained model, note that some of these attributes may be set through the model's `generation_config.json` file.

 49%|████▉     | 98/200 [14:21<03:28,  2.04s/it][WARNING|configuration_utils.py:839] 2026-08-03 18:50:26,407 >> The following generation flags are not valid and may be ignored: ['temperature', 'top_k'].
[INFO|configuration_utils.py:840] 2026-08-03 18:50:26,407 >> - `temperature`: `do_sample` is set to `False`. However, `temperature` is set to `0.0` -- this flag is only used in sample-based generation modes. You should set `do_sample=True` or unset `temperature`.
- `top_k`: `do_sample` is set to `False`. However, `top_k` is set to `0` -- this flag is only used in sample-based generation modes. You should set `do_sample=True` or unset `top_k`.
If you're using a pretrained model, note that some of these attributes may be set through the model's `generation_config.json` file.

 50%|████▉     | 99/200 [14:22<02:39,  1.58s/it][WARNING|configuration_utils.py:839] 2026-08-03 18:50:26,887 >> The following generation flags are not valid and may be ignored: ['temperature', 'top_k'].
[INFO|configuration_utils.py:840] 2026-08-03 18:50:26,887 >> - `temperature`: `do_sample` is set to `False`. However, `temperature` is set to `0.0` -- this flag is only used in sample-based generation modes. You should set `do_sample=True` or unset `temperature`.
- `top_k`: `do_sample` is set to `False`. However, `top_k` is set to `0` -- this flag is only used in sample-based generation modes. You should set `do_sample=True` or unset `top_k`.
If you're using a pretrained model, note that some of these attributes may be set through the model's `generation_config.json` file.

 50%|█████     | 100/200 [14:34<07:50,  4.71s/it][WARNING|configuration_utils.py:839] 2026-08-03 18:50:38,908 >> The following generation flags are not valid and may be ignored: ['temperature', 'top_k'].
[INFO|configuration_utils.py:840] 2026-08-03 18:50:38,908 >> - `temperature`: `do_sample` is set to `False`. However, `temperature` is set to `0.0` -- this flag is only used in sample-based generation modes. You should set `do_sample=True` or unset `temperature`.
- `top_k`: `do_sample` is set to `False`. However, `top_k` is set to `0` -- this flag is only used in sample-based generation modes. You should set `do_sample=True` or unset `top_k`.
If you're using a pretrained model, note that some of these attributes may be set through the model's `generation_config.json` file.

 50%|█████     | 101/200 [14:35<05:56,  3.60s/it][WARNING|configuration_utils.py:839] 2026-08-03 18:50:39,936 >> The following generation flags are not valid and may be ignored: ['temperature', 'top_k'].
[INFO|configuration_utils.py:840] 2026-08-03 18:50:39,936 >> - `temperature`: `do_sample` is set to `False`. However, `temperature` is set to `0.0` -- this flag is only used in sample-based generation modes. You should set `do_sample=True` or unset `temperature`.
- `top_k`: `do_sample` is set to `False`. However, `top_k` is set to `0` -- this flag is only used in sample-based generation modes. You should set `do_sample=True` or unset `top_k`.
If you're using a pretrained model, note that some of these attributes may be set through the model's `generation_config.json` file.

 51%|█████     | 102/200 [14:35<04:16,  2.62s/it][WARNING|configuration_utils.py:839] 2026-08-03 18:50:40,246 >> The following generation flags are not valid and may be ignored: ['temperature', 'top_k'].
[INFO|configuration_utils.py:840] 2026-08-03 18:50:40,246 >> - `temperature`: `do_sample` is set to `False`. However, `temperature` is set to `0.0` -- this flag is only used in sample-based generation modes. You should set `do_sample=True` or unset `temperature`.
- `top_k`: `do_sample` is set to `False`. However, `top_k` is set to `0` -- this flag is only used in sample-based generation modes. You should set `do_sample=True` or unset `top_k`.
If you're using a pretrained model, note that some of these attributes may be set through the model's `generation_config.json` file.

 52%|█████▏    | 103/200 [14:36<03:11,  1.97s/it][WARNING|configuration_utils.py:839] 2026-08-03 18:50:40,724 >> The following generation flags are not valid and may be ignored: ['temperature', 'top_k'].
[INFO|configuration_utils.py:840] 2026-08-03 18:50:40,724 >> - `temperature`: `do_sample` is set to `False`. However, `temperature` is set to `0.0` -- this flag is only used in sample-based generation modes. You should set `do_sample=True` or unset `temperature`.
- `top_k`: `do_sample` is set to `False`. However, `top_k` is set to `0` -- this flag is only used in sample-based generation modes. You should set `do_sample=True` or unset `top_k`.
If you're using a pretrained model, note that some of these attributes may be set through the model's `generation_config.json` file.

 52%|█████▏    | 104/200 [14:48<08:16,  5.17s/it][WARNING|configuration_utils.py:839] 2026-08-03 18:50:53,365 >> The following generation flags are not valid and may be ignored: ['temperature', 'top_k'].
[INFO|configuration_utils.py:840] 2026-08-03 18:50:53,365 >> - `temperature`: `do_sample` is set to `False`. However, `temperature` is set to `0.0` -- this flag is only used in sample-based generation modes. You should set `do_sample=True` or unset `temperature`.
- `top_k`: `do_sample` is set to `False`. However, `top_k` is set to `0` -- this flag is only used in sample-based generation modes. You should set `do_sample=True` or unset `top_k`.
If you're using a pretrained model, note that some of these attributes may be set through the model's `generation_config.json` file.

 52%|█████▎    | 105/200 [14:49<06:05,  3.85s/it][WARNING|configuration_utils.py:839] 2026-08-03 18:50:54,108 >> The following generation flags are not valid and may be ignored: ['temperature', 'top_k'].
[INFO|configuration_utils.py:840] 2026-08-03 18:50:54,108 >> - `temperature`: `do_sample` is set to `False`. However, `temperature` is set to `0.0` -- this flag is only used in sample-based generation modes. You should set `do_sample=True` or unset `temperature`.
- `top_k`: `do_sample` is set to `False`. However, `top_k` is set to `0` -- this flag is only used in sample-based generation modes. You should set `do_sample=True` or unset `top_k`.
If you're using a pretrained model, note that some of these attributes may be set through the model's `generation_config.json` file.

 53%|█████▎    | 106/200 [14:51<05:16,  3.37s/it][WARNING|configuration_utils.py:839] 2026-08-03 18:50:56,373 >> The following generation flags are not valid and may be ignored: ['temperature', 'top_k'].
[INFO|configuration_utils.py:840] 2026-08-03 18:50:56,373 >> - `temperature`: `do_sample` is set to `False`. However, `temperature` is set to `0.0` -- this flag is only used in sample-based generation modes. You should set `do_sample=True` or unset `temperature`.
- `top_k`: `do_sample` is set to `False`. However, `top_k` is set to `0` -- this flag is only used in sample-based generation modes. You should set `do_sample=True` or unset `top_k`.
If you're using a pretrained model, note that some of these attributes may be set through the model's `generation_config.json` file.

 54%|█████▎    | 107/200 [14:54<04:38,  2.99s/it][WARNING|configuration_utils.py:839] 2026-08-03 18:50:58,474 >> The following generation flags are not valid and may be ignored: ['temperature', 'top_k'].
[INFO|configuration_utils.py:840] 2026-08-03 18:50:58,474 >> - `temperature`: `do_sample` is set to `False`. However, `temperature` is set to `0.0` -- this flag is only used in sample-based generation modes. You should set `do_sample=True` or unset `temperature`.
- `top_k`: `do_sample` is set to `False`. However, `top_k` is set to `0` -- this flag is only used in sample-based generation modes. You should set `do_sample=True` or unset `top_k`.
If you're using a pretrained model, note that some of these attributes may be set through the model's `generation_config.json` file.

 54%|█████▍    | 108/200 [14:54<03:25,  2.24s/it][WARNING|configuration_utils.py:839] 2026-08-03 18:50:58,954 >> The following generation flags are not valid and may be ignored: ['temperature', 'top_k'].
[INFO|configuration_utils.py:840] 2026-08-03 18:50:58,954 >> - `temperature`: `do_sample` is set to `False`. However, `temperature` is set to `0.0` -- this flag is only used in sample-based generation modes. You should set `do_sample=True` or unset `temperature`.
- `top_k`: `do_sample` is set to `False`. However, `top_k` is set to `0` -- this flag is only used in sample-based generation modes. You should set `do_sample=True` or unset `top_k`.
If you're using a pretrained model, note that some of these attributes may be set through the model's `generation_config.json` file.

 55%|█████▍    | 109/200 [14:56<03:03,  2.01s/it][WARNING|configuration_utils.py:839] 2026-08-03 18:51:00,446 >> The following generation flags are not valid and may be ignored: ['temperature', 'top_k'].
[INFO|configuration_utils.py:840] 2026-08-03 18:51:00,446 >> - `temperature`: `do_sample` is set to `False`. However, `temperature` is set to `0.0` -- this flag is only used in sample-based generation modes. You should set `do_sample=True` or unset `temperature`.
- `top_k`: `do_sample` is set to `False`. However, `top_k` is set to `0` -- this flag is only used in sample-based generation modes. You should set `do_sample=True` or unset `top_k`.
If you're using a pretrained model, note that some of these attributes may be set through the model's `generation_config.json` file.

 55%|█████▌    | 110/200 [15:06<06:58,  4.65s/it][WARNING|configuration_utils.py:839] 2026-08-03 18:51:11,262 >> The following generation flags are not valid and may be ignored: ['temperature', 'top_k'].
[INFO|configuration_utils.py:840] 2026-08-03 18:51:11,262 >> - `temperature`: `do_sample` is set to `False`. However, `temperature` is set to `0.0` -- this flag is only used in sample-based generation modes. You should set `do_sample=True` or unset `temperature`.
- `top_k`: `do_sample` is set to `False`. However, `top_k` is set to `0` -- this flag is only used in sample-based generation modes. You should set `do_sample=True` or unset `top_k`.
If you're using a pretrained model, note that some of these attributes may be set through the model's `generation_config.json` file.

 56%|█████▌    | 111/200 [15:13<07:56,  5.35s/it][WARNING|configuration_utils.py:839] 2026-08-03 18:51:18,243 >> The following generation flags are not valid and may be ignored: ['temperature', 'top_k'].
[INFO|configuration_utils.py:840] 2026-08-03 18:51:18,243 >> - `temperature`: `do_sample` is set to `False`. However, `temperature` is set to `0.0` -- this flag is only used in sample-based generation modes. You should set `do_sample=True` or unset `temperature`.
- `top_k`: `do_sample` is set to `False`. However, `top_k` is set to `0` -- this flag is only used in sample-based generation modes. You should set `do_sample=True` or unset `top_k`.
If you're using a pretrained model, note that some of these attributes may be set through the model's `generation_config.json` file.

 56%|█████▌    | 112/200 [15:29<12:36,  8.59s/it][WARNING|configuration_utils.py:839] 2026-08-03 18:51:34,396 >> The following generation flags are not valid and may be ignored: ['temperature', 'top_k'].
[INFO|configuration_utils.py:840] 2026-08-03 18:51:34,396 >> - `temperature`: `do_sample` is set to `False`. However, `temperature` is set to `0.0` -- this flag is only used in sample-based generation modes. You should set `do_sample=True` or unset `temperature`.
- `top_k`: `do_sample` is set to `False`. However, `top_k` is set to `0` -- this flag is only used in sample-based generation modes. You should set `do_sample=True` or unset `top_k`.
If you're using a pretrained model, note that some of these attributes may be set through the model's `generation_config.json` file.

 56%|█████▋    | 113/200 [15:51<17:52, 12.33s/it][WARNING|configuration_utils.py:839] 2026-08-03 18:51:55,456 >> The following generation flags are not valid and may be ignored: ['temperature', 'top_k'].
[INFO|configuration_utils.py:840] 2026-08-03 18:51:55,456 >> - `temperature`: `do_sample` is set to `False`. However, `temperature` is set to `0.0` -- this flag is only used in sample-based generation modes. You should set `do_sample=True` or unset `temperature`.
- `top_k`: `do_sample` is set to `False`. However, `top_k` is set to `0` -- this flag is only used in sample-based generation modes. You should set `do_sample=True` or unset `top_k`.
If you're using a pretrained model, note that some of these attributes may be set through the model's `generation_config.json` file.

 57%|█████▋    | 114/200 [16:32<30:09, 21.05s/it][WARNING|configuration_utils.py:839] 2026-08-03 18:52:36,830 >> The following generation flags are not valid and may be ignored: ['temperature', 'top_k'].
[INFO|configuration_utils.py:840] 2026-08-03 18:52:36,830 >> - `temperature`: `do_sample` is set to `False`. However, `temperature` is set to `0.0` -- this flag is only used in sample-based generation modes. You should set `do_sample=True` or unset `temperature`.
- `top_k`: `do_sample` is set to `False`. However, `top_k` is set to `0` -- this flag is only used in sample-based generation modes. You should set `do_sample=True` or unset `top_k`.
If you're using a pretrained model, note that some of these attributes may be set through the model's `generation_config.json` file.

 57%|█████▊    | 115/200 [16:34<21:44, 15.35s/it][WARNING|configuration_utils.py:839] 2026-08-03 18:52:38,877 >> The following generation flags are not valid and may be ignored: ['temperature', 'top_k'].
[INFO|configuration_utils.py:840] 2026-08-03 18:52:38,877 >> - `temperature`: `do_sample` is set to `False`. However, `temperature` is set to `0.0` -- this flag is only used in sample-based generation modes. You should set `do_sample=True` or unset `temperature`.
- `top_k`: `do_sample` is set to `False`. However, `top_k` is set to `0` -- this flag is only used in sample-based generation modes. You should set `do_sample=True` or unset `top_k`.
If you're using a pretrained model, note that some of these attributes may be set through the model's `generation_config.json` file.

 58%|█████▊    | 116/200 [16:42<18:14, 13.03s/it][WARNING|configuration_utils.py:839] 2026-08-03 18:52:46,518 >> The following generation flags are not valid and may be ignored: ['temperature', 'top_k'].
[INFO|configuration_utils.py:840] 2026-08-03 18:52:46,518 >> - `temperature`: `do_sample` is set to `False`. However, `temperature` is set to `0.0` -- this flag is only used in sample-based generation modes. You should set `do_sample=True` or unset `temperature`.
- `top_k`: `do_sample` is set to `False`. However, `top_k` is set to `0` -- this flag is only used in sample-based generation modes. You should set `do_sample=True` or unset `top_k`.
If you're using a pretrained model, note that some of these attributes may be set through the model's `generation_config.json` file.

 58%|█████▊    | 117/200 [16:50<16:01, 11.58s/it][WARNING|configuration_utils.py:839] 2026-08-03 18:52:54,709 >> The following generation flags are not valid and may be ignored: ['temperature', 'top_k'].
[INFO|configuration_utils.py:840] 2026-08-03 18:52:54,710 >> - `temperature`: `do_sample` is set to `False`. However, `temperature` is set to `0.0` -- this flag is only used in sample-based generation modes. You should set `do_sample=True` or unset `temperature`.
- `top_k`: `do_sample` is set to `False`. However, `top_k` is set to `0` -- this flag is only used in sample-based generation modes. You should set `do_sample=True` or unset `top_k`.
If you're using a pretrained model, note that some of these attributes may be set through the model's `generation_config.json` file.

 59%|█████▉    | 118/200 [16:57<13:53, 10.16s/it][WARNING|configuration_utils.py:839] 2026-08-03 18:53:01,556 >> The following generation flags are not valid and may be ignored: ['temperature', 'top_k'].
[INFO|configuration_utils.py:840] 2026-08-03 18:53:01,556 >> - `temperature`: `do_sample` is set to `False`. However, `temperature` is set to `0.0` -- this flag is only used in sample-based generation modes. You should set `do_sample=True` or unset `temperature`.
- `top_k`: `do_sample` is set to `False`. However, `top_k` is set to `0` -- this flag is only used in sample-based generation modes. You should set `do_sample=True` or unset `top_k`.
If you're using a pretrained model, note that some of these attributes may be set through the model's `generation_config.json` file.

 60%|█████▉    | 119/200 [17:38<26:23, 19.55s/it][WARNING|configuration_utils.py:839] 2026-08-03 18:53:43,012 >> The following generation flags are not valid and may be ignored: ['temperature', 'top_k'].
[INFO|configuration_utils.py:840] 2026-08-03 18:53:43,012 >> - `temperature`: `do_sample` is set to `False`. However, `temperature` is set to `0.0` -- this flag is only used in sample-based generation modes. You should set `do_sample=True` or unset `temperature`.
- `top_k`: `do_sample` is set to `False`. However, `top_k` is set to `0` -- this flag is only used in sample-based generation modes. You should set `do_sample=True` or unset `top_k`.
If you're using a pretrained model, note that some of these attributes may be set through the model's `generation_config.json` file.

 60%|██████    | 120/200 [17:38<18:22, 13.78s/it][WARNING|configuration_utils.py:839] 2026-08-03 18:53:43,343 >> The following generation flags are not valid and may be ignored: ['temperature', 'top_k'].
[INFO|configuration_utils.py:840] 2026-08-03 18:53:43,343 >> - `temperature`: `do_sample` is set to `False`. However, `temperature` is set to `0.0` -- this flag is only used in sample-based generation modes. You should set `do_sample=True` or unset `temperature`.
- `top_k`: `do_sample` is set to `False`. However, `top_k` is set to `0` -- this flag is only used in sample-based generation modes. You should set `do_sample=True` or unset `top_k`.
If you're using a pretrained model, note that some of these attributes may be set through the model's `generation_config.json` file.

 60%|██████    | 121/200 [18:00<21:10, 16.08s/it][WARNING|configuration_utils.py:839] 2026-08-03 18:54:04,774 >> The following generation flags are not valid and may be ignored: ['temperature', 'top_k'].
[INFO|configuration_utils.py:840] 2026-08-03 18:54:04,774 >> - `temperature`: `do_sample` is set to `False`. However, `temperature` is set to `0.0` -- this flag is only used in sample-based generation modes. You should set `do_sample=True` or unset `temperature`.
- `top_k`: `do_sample` is set to `False`. However, `top_k` is set to `0` -- this flag is only used in sample-based generation modes. You should set `do_sample=True` or unset `top_k`.
If you're using a pretrained model, note that some of these attributes may be set through the model's `generation_config.json` file.

 61%|██████    | 122/200 [18:07<17:25, 13.40s/it][WARNING|configuration_utils.py:839] 2026-08-03 18:54:11,934 >> The following generation flags are not valid and may be ignored: ['temperature', 'top_k'].
[INFO|configuration_utils.py:840] 2026-08-03 18:54:11,934 >> - `temperature`: `do_sample` is set to `False`. However, `temperature` is set to `0.0` -- this flag is only used in sample-based generation modes. You should set `do_sample=True` or unset `temperature`.
- `top_k`: `do_sample` is set to `False`. However, `top_k` is set to `0` -- this flag is only used in sample-based generation modes. You should set `do_sample=True` or unset `top_k`.
If you're using a pretrained model, note that some of these attributes may be set through the model's `generation_config.json` file.

 62%|██████▏   | 123/200 [18:18<16:10, 12.61s/it][WARNING|configuration_utils.py:839] 2026-08-03 18:54:22,682 >> The following generation flags are not valid and may be ignored: ['temperature', 'top_k'].
[INFO|configuration_utils.py:840] 2026-08-03 18:54:22,682 >> - `temperature`: `do_sample` is set to `False`. However, `temperature` is set to `0.0` -- this flag is only used in sample-based generation modes. You should set `do_sample=True` or unset `temperature`.
- `top_k`: `do_sample` is set to `False`. However, `top_k` is set to `0` -- this flag is only used in sample-based generation modes. You should set `do_sample=True` or unset `top_k`.
If you're using a pretrained model, note that some of these attributes may be set through the model's `generation_config.json` file.

 62%|██████▏   | 124/200 [18:19<11:31,  9.10s/it][WARNING|configuration_utils.py:839] 2026-08-03 18:54:23,603 >> The following generation flags are not valid and may be ignored: ['temperature', 'top_k'].
[INFO|configuration_utils.py:840] 2026-08-03 18:54:23,603 >> - `temperature`: `do_sample` is set to `False`. However, `temperature` is set to `0.0` -- this flag is only used in sample-based generation modes. You should set `do_sample=True` or unset `temperature`.
- `top_k`: `do_sample` is set to `False`. However, `top_k` is set to `0` -- this flag is only used in sample-based generation modes. You should set `do_sample=True` or unset `top_k`.
If you're using a pretrained model, note that some of these attributes may be set through the model's `generation_config.json` file.

 62%|██████▎   | 125/200 [18:30<12:17,  9.84s/it][WARNING|configuration_utils.py:839] 2026-08-03 18:54:35,168 >> The following generation flags are not valid and may be ignored: ['temperature', 'top_k'].
[INFO|configuration_utils.py:840] 2026-08-03 18:54:35,168 >> - `temperature`: `do_sample` is set to `False`. However, `temperature` is set to `0.0` -- this flag is only used in sample-based generation modes. You should set `do_sample=True` or unset `temperature`.
- `top_k`: `do_sample` is set to `False`. However, `top_k` is set to `0` -- this flag is only used in sample-based generation modes. You should set `do_sample=True` or unset `top_k`.
If you're using a pretrained model, note that some of these attributes may be set through the model's `generation_config.json` file.

 63%|██████▎   | 126/200 [18:34<09:44,  7.90s/it][WARNING|configuration_utils.py:839] 2026-08-03 18:54:38,547 >> The following generation flags are not valid and may be ignored: ['temperature', 'top_k'].
[INFO|configuration_utils.py:840] 2026-08-03 18:54:38,547 >> - `temperature`: `do_sample` is set to `False`. However, `temperature` is set to `0.0` -- this flag is only used in sample-based generation modes. You should set `do_sample=True` or unset `temperature`.
- `top_k`: `do_sample` is set to `False`. However, `top_k` is set to `0` -- this flag is only used in sample-based generation modes. You should set `do_sample=True` or unset `top_k`.
If you're using a pretrained model, note that some of these attributes may be set through the model's `generation_config.json` file.

 64%|██████▎   | 127/200 [18:35<07:09,  5.89s/it][WARNING|configuration_utils.py:839] 2026-08-03 18:54:39,738 >> The following generation flags are not valid and may be ignored: ['temperature', 'top_k'].
[INFO|configuration_utils.py:840] 2026-08-03 18:54:39,738 >> - `temperature`: `do_sample` is set to `False`. However, `temperature` is set to `0.0` -- this flag is only used in sample-based generation modes. You should set `do_sample=True` or unset `temperature`.
- `top_k`: `do_sample` is set to `False`. However, `top_k` is set to `0` -- this flag is only used in sample-based generation modes. You should set `do_sample=True` or unset `top_k`.
If you're using a pretrained model, note that some of these attributes may be set through the model's `generation_config.json` file.

 64%|██████▍   | 128/200 [18:47<09:17,  7.75s/it][WARNING|configuration_utils.py:839] 2026-08-03 18:54:51,827 >> The following generation flags are not valid and may be ignored: ['temperature', 'top_k'].
[INFO|configuration_utils.py:840] 2026-08-03 18:54:51,827 >> - `temperature`: `do_sample` is set to `False`. However, `temperature` is set to `0.0` -- this flag is only used in sample-based generation modes. You should set `do_sample=True` or unset `temperature`.
- `top_k`: `do_sample` is set to `False`. However, `top_k` is set to `0` -- this flag is only used in sample-based generation modes. You should set `do_sample=True` or unset `top_k`.
If you're using a pretrained model, note that some of these attributes may be set through the model's `generation_config.json` file.

 64%|██████▍   | 129/200 [18:57<09:50,  8.32s/it][WARNING|configuration_utils.py:839] 2026-08-03 18:55:01,486 >> The following generation flags are not valid and may be ignored: ['temperature', 'top_k'].
[INFO|configuration_utils.py:840] 2026-08-03 18:55:01,486 >> - `temperature`: `do_sample` is set to `False`. However, `temperature` is set to `0.0` -- this flag is only used in sample-based generation modes. You should set `do_sample=True` or unset `temperature`.
- `top_k`: `do_sample` is set to `False`. However, `top_k` is set to `0` -- this flag is only used in sample-based generation modes. You should set `do_sample=True` or unset `top_k`.
If you're using a pretrained model, note that some of these attributes may be set through the model's `generation_config.json` file.

 65%|██████▌   | 130/200 [19:04<09:23,  8.05s/it][WARNING|configuration_utils.py:839] 2026-08-03 18:55:08,895 >> The following generation flags are not valid and may be ignored: ['temperature', 'top_k'].
[INFO|configuration_utils.py:840] 2026-08-03 18:55:08,895 >> - `temperature`: `do_sample` is set to `False`. However, `temperature` is set to `0.0` -- this flag is only used in sample-based generation modes. You should set `do_sample=True` or unset `temperature`.
- `top_k`: `do_sample` is set to `False`. However, `top_k` is set to `0` -- this flag is only used in sample-based generation modes. You should set `do_sample=True` or unset `top_k`.
If you're using a pretrained model, note that some of these attributes may be set through the model's `generation_config.json` file.

 66%|██████▌   | 131/200 [19:06<07:00,  6.10s/it][WARNING|configuration_utils.py:839] 2026-08-03 18:55:10,447 >> The following generation flags are not valid and may be ignored: ['temperature', 'top_k'].
[INFO|configuration_utils.py:840] 2026-08-03 18:55:10,447 >> - `temperature`: `do_sample` is set to `False`. However, `temperature` is set to `0.0` -- this flag is only used in sample-based generation modes. You should set `do_sample=True` or unset `temperature`.
- `top_k`: `do_sample` is set to `False`. However, `top_k` is set to `0` -- this flag is only used in sample-based generation modes. You should set `do_sample=True` or unset `top_k`.
If you're using a pretrained model, note that some of these attributes may be set through the model's `generation_config.json` file.

 66%|██████▌   | 132/200 [19:06<04:56,  4.36s/it][WARNING|configuration_utils.py:839] 2026-08-03 18:55:10,759 >> The following generation flags are not valid and may be ignored: ['temperature', 'top_k'].
[INFO|configuration_utils.py:840] 2026-08-03 18:55:10,759 >> - `temperature`: `do_sample` is set to `False`. However, `temperature` is set to `0.0` -- this flag is only used in sample-based generation modes. You should set `do_sample=True` or unset `temperature`.
- `top_k`: `do_sample` is set to `False`. However, `top_k` is set to `0` -- this flag is only used in sample-based generation modes. You should set `do_sample=True` or unset `top_k`.
If you're using a pretrained model, note that some of these attributes may be set through the model's `generation_config.json` file.

 66%|██████▋   | 133/200 [19:07<03:50,  3.44s/it][WARNING|configuration_utils.py:839] 2026-08-03 18:55:12,038 >> The following generation flags are not valid and may be ignored: ['temperature', 'top_k'].
[INFO|configuration_utils.py:840] 2026-08-03 18:55:12,038 >> - `temperature`: `do_sample` is set to `False`. However, `temperature` is set to `0.0` -- this flag is only used in sample-based generation modes. You should set `do_sample=True` or unset `temperature`.
- `top_k`: `do_sample` is set to `False`. However, `top_k` is set to `0` -- this flag is only used in sample-based generation modes. You should set `do_sample=True` or unset `top_k`.
If you're using a pretrained model, note that some of these attributes may be set through the model's `generation_config.json` file.

 67%|██████▋   | 134/200 [19:08<03:04,  2.80s/it][WARNING|configuration_utils.py:839] 2026-08-03 18:55:13,336 >> The following generation flags are not valid and may be ignored: ['temperature', 'top_k'].
[INFO|configuration_utils.py:840] 2026-08-03 18:55:13,336 >> - `temperature`: `do_sample` is set to `False`. However, `temperature` is set to `0.0` -- this flag is only used in sample-based generation modes. You should set `do_sample=True` or unset `temperature`.
- `top_k`: `do_sample` is set to `False`. However, `top_k` is set to `0` -- this flag is only used in sample-based generation modes. You should set `do_sample=True` or unset `top_k`.
If you're using a pretrained model, note that some of these attributes may be set through the model's `generation_config.json` file.

 68%|██████▊   | 135/200 [19:18<05:16,  4.88s/it][WARNING|configuration_utils.py:839] 2026-08-03 18:55:23,066 >> The following generation flags are not valid and may be ignored: ['temperature', 'top_k'].
[INFO|configuration_utils.py:840] 2026-08-03 18:55:23,066 >> - `temperature`: `do_sample` is set to `False`. However, `temperature` is set to `0.0` -- this flag is only used in sample-based generation modes. You should set `do_sample=True` or unset `temperature`.
- `top_k`: `do_sample` is set to `False`. However, `top_k` is set to `0` -- this flag is only used in sample-based generation modes. You should set `do_sample=True` or unset `top_k`.
If you're using a pretrained model, note that some of these attributes may be set through the model's `generation_config.json` file.

 68%|██████▊   | 136/200 [19:32<08:05,  7.58s/it][WARNING|configuration_utils.py:839] 2026-08-03 18:55:36,966 >> The following generation flags are not valid and may be ignored: ['temperature', 'top_k'].
[INFO|configuration_utils.py:840] 2026-08-03 18:55:36,966 >> - `temperature`: `do_sample` is set to `False`. However, `temperature` is set to `0.0` -- this flag is only used in sample-based generation modes. You should set `do_sample=True` or unset `temperature`.
- `top_k`: `do_sample` is set to `False`. However, `top_k` is set to `0` -- this flag is only used in sample-based generation modes. You should set `do_sample=True` or unset `top_k`.
If you're using a pretrained model, note that some of these attributes may be set through the model's `generation_config.json` file.

 68%|██████▊   | 137/200 [19:37<07:15,  6.92s/it][WARNING|configuration_utils.py:839] 2026-08-03 18:55:42,337 >> The following generation flags are not valid and may be ignored: ['temperature', 'top_k'].
[INFO|configuration_utils.py:840] 2026-08-03 18:55:42,337 >> - `temperature`: `do_sample` is set to `False`. However, `temperature` is set to `0.0` -- this flag is only used in sample-based generation modes. You should set `do_sample=True` or unset `temperature`.
- `top_k`: `do_sample` is set to `False`. However, `top_k` is set to `0` -- this flag is only used in sample-based generation modes. You should set `do_sample=True` or unset `top_k`.
If you're using a pretrained model, note that some of these attributes may be set through the model's `generation_config.json` file.

 69%|██████▉   | 138/200 [19:39<05:22,  5.21s/it][WARNING|configuration_utils.py:839] 2026-08-03 18:55:43,545 >> The following generation flags are not valid and may be ignored: ['temperature', 'top_k'].
[INFO|configuration_utils.py:840] 2026-08-03 18:55:43,545 >> - `temperature`: `do_sample` is set to `False`. However, `temperature` is set to `0.0` -- this flag is only used in sample-based generation modes. You should set `do_sample=True` or unset `temperature`.
- `top_k`: `do_sample` is set to `False`. However, `top_k` is set to `0` -- this flag is only used in sample-based generation modes. You should set `do_sample=True` or unset `top_k`.
If you're using a pretrained model, note that some of these attributes may be set through the model's `generation_config.json` file.

 70%|██████▉   | 139/200 [19:53<08:01,  7.90s/it][WARNING|configuration_utils.py:839] 2026-08-03 18:55:57,720 >> The following generation flags are not valid and may be ignored: ['temperature', 'top_k'].
[INFO|configuration_utils.py:840] 2026-08-03 18:55:57,720 >> - `temperature`: `do_sample` is set to `False`. However, `temperature` is set to `0.0` -- this flag is only used in sample-based generation modes. You should set `do_sample=True` or unset `temperature`.
- `top_k`: `do_sample` is set to `False`. However, `top_k` is set to `0` -- this flag is only used in sample-based generation modes. You should set `do_sample=True` or unset `top_k`.
If you're using a pretrained model, note that some of these attributes may be set through the model's `generation_config.json` file.

 70%|███████   | 140/200 [20:06<09:24,  9.40s/it][WARNING|configuration_utils.py:839] 2026-08-03 18:56:10,630 >> The following generation flags are not valid and may be ignored: ['temperature', 'top_k'].
[INFO|configuration_utils.py:840] 2026-08-03 18:56:10,630 >> - `temperature`: `do_sample` is set to `False`. However, `temperature` is set to `0.0` -- this flag is only used in sample-based generation modes. You should set `do_sample=True` or unset `temperature`.
- `top_k`: `do_sample` is set to `False`. However, `top_k` is set to `0` -- this flag is only used in sample-based generation modes. You should set `do_sample=True` or unset `top_k`.
If you're using a pretrained model, note that some of these attributes may be set through the model's `generation_config.json` file.

 70%|███████   | 141/200 [20:19<10:17, 10.46s/it][WARNING|configuration_utils.py:839] 2026-08-03 18:56:23,561 >> The following generation flags are not valid and may be ignored: ['temperature', 'top_k'].
[INFO|configuration_utils.py:840] 2026-08-03 18:56:23,561 >> - `temperature`: `do_sample` is set to `False`. However, `temperature` is set to `0.0` -- this flag is only used in sample-based generation modes. You should set `do_sample=True` or unset `temperature`.
- `top_k`: `do_sample` is set to `False`. However, `top_k` is set to `0` -- this flag is only used in sample-based generation modes. You should set `do_sample=True` or unset `top_k`.
If you're using a pretrained model, note that some of these attributes may be set through the model's `generation_config.json` file.

 71%|███████   | 142/200 [20:21<07:38,  7.91s/it][WARNING|configuration_utils.py:839] 2026-08-03 18:56:25,505 >> The following generation flags are not valid and may be ignored: ['temperature', 'top_k'].
[INFO|configuration_utils.py:840] 2026-08-03 18:56:25,505 >> - `temperature`: `do_sample` is set to `False`. However, `temperature` is set to `0.0` -- this flag is only used in sample-based generation modes. You should set `do_sample=True` or unset `temperature`.
- `top_k`: `do_sample` is set to `False`. However, `top_k` is set to `0` -- this flag is only used in sample-based generation modes. You should set `do_sample=True` or unset `top_k`.
If you're using a pretrained model, note that some of these attributes may be set through the model's `generation_config.json` file.

 72%|███████▏  | 143/200 [20:30<08:03,  8.48s/it][WARNING|configuration_utils.py:839] 2026-08-03 18:56:35,341 >> The following generation flags are not valid and may be ignored: ['temperature', 'top_k'].
[INFO|configuration_utils.py:840] 2026-08-03 18:56:35,341 >> - `temperature`: `do_sample` is set to `False`. However, `temperature` is set to `0.0` -- this flag is only used in sample-based generation modes. You should set `do_sample=True` or unset `temperature`.
- `top_k`: `do_sample` is set to `False`. However, `top_k` is set to `0` -- this flag is only used in sample-based generation modes. You should set `do_sample=True` or unset `top_k`.
If you're using a pretrained model, note that some of these attributes may be set through the model's `generation_config.json` file.

 72%|███████▏  | 144/200 [20:31<05:44,  6.15s/it][WARNING|configuration_utils.py:839] 2026-08-03 18:56:36,043 >> The following generation flags are not valid and may be ignored: ['temperature', 'top_k'].
[INFO|configuration_utils.py:840] 2026-08-03 18:56:36,043 >> - `temperature`: `do_sample` is set to `False`. However, `temperature` is set to `0.0` -- this flag is only used in sample-based generation modes. You should set `do_sample=True` or unset `temperature`.
- `top_k`: `do_sample` is set to `False`. However, `top_k` is set to `0` -- this flag is only used in sample-based generation modes. You should set `do_sample=True` or unset `top_k`.
If you're using a pretrained model, note that some of these attributes may be set through the model's `generation_config.json` file.

 72%|███████▎  | 145/200 [20:36<05:20,  5.83s/it][WARNING|configuration_utils.py:839] 2026-08-03 18:56:41,130 >> The following generation flags are not valid and may be ignored: ['temperature', 'top_k'].
[INFO|configuration_utils.py:840] 2026-08-03 18:56:41,130 >> - `temperature`: `do_sample` is set to `False`. However, `temperature` is set to `0.0` -- this flag is only used in sample-based generation modes. You should set `do_sample=True` or unset `temperature`.
- `top_k`: `do_sample` is set to `False`. However, `top_k` is set to `0` -- this flag is only used in sample-based generation modes. You should set `do_sample=True` or unset `top_k`.
If you're using a pretrained model, note that some of these attributes may be set through the model's `generation_config.json` file.

 73%|███████▎  | 146/200 [20:46<06:11,  6.89s/it][WARNING|configuration_utils.py:839] 2026-08-03 18:56:50,480 >> The following generation flags are not valid and may be ignored: ['temperature', 'top_k'].
[INFO|configuration_utils.py:840] 2026-08-03 18:56:50,480 >> - `temperature`: `do_sample` is set to `False`. However, `temperature` is set to `0.0` -- this flag is only used in sample-based generation modes. You should set `do_sample=True` or unset `temperature`.
- `top_k`: `do_sample` is set to `False`. However, `top_k` is set to `0` -- this flag is only used in sample-based generation modes. You should set `do_sample=True` or unset `top_k`.
If you're using a pretrained model, note that some of these attributes may be set through the model's `generation_config.json` file.

 74%|███████▎  | 147/200 [20:46<04:28,  5.07s/it][WARNING|configuration_utils.py:839] 2026-08-03 18:56:51,311 >> The following generation flags are not valid and may be ignored: ['temperature', 'top_k'].
[INFO|configuration_utils.py:840] 2026-08-03 18:56:51,311 >> - `temperature`: `do_sample` is set to `False`. However, `temperature` is set to `0.0` -- this flag is only used in sample-based generation modes. You should set `do_sample=True` or unset `temperature`.
- `top_k`: `do_sample` is set to `False`. However, `top_k` is set to `0` -- this flag is only used in sample-based generation modes. You should set `do_sample=True` or unset `top_k`.
If you're using a pretrained model, note that some of these attributes may be set through the model's `generation_config.json` file.

 74%|███████▍  | 148/200 [20:53<04:50,  5.58s/it][WARNING|configuration_utils.py:839] 2026-08-03 18:56:58,076 >> The following generation flags are not valid and may be ignored: ['temperature', 'top_k'].
[INFO|configuration_utils.py:840] 2026-08-03 18:56:58,076 >> - `temperature`: `do_sample` is set to `False`. However, `temperature` is set to `0.0` -- this flag is only used in sample-based generation modes. You should set `do_sample=True` or unset `temperature`.
- `top_k`: `do_sample` is set to `False`. However, `top_k` is set to `0` -- this flag is only used in sample-based generation modes. You should set `do_sample=True` or unset `top_k`.
If you're using a pretrained model, note that some of these attributes may be set through the model's `generation_config.json` file.

 74%|███████▍  | 149/200 [20:54<03:28,  4.08s/it][WARNING|configuration_utils.py:839] 2026-08-03 18:56:58,655 >> The following generation flags are not valid and may be ignored: ['temperature', 'top_k'].
[INFO|configuration_utils.py:840] 2026-08-03 18:56:58,655 >> - `temperature`: `do_sample` is set to `False`. However, `temperature` is set to `0.0` -- this flag is only used in sample-based generation modes. You should set `do_sample=True` or unset `temperature`.
- `top_k`: `do_sample` is set to `False`. However, `top_k` is set to `0` -- this flag is only used in sample-based generation modes. You should set `do_sample=True` or unset `top_k`.
If you're using a pretrained model, note that some of these attributes may be set through the model's `generation_config.json` file.

 75%|███████▌  | 150/200 [20:54<02:27,  2.95s/it][WARNING|configuration_utils.py:839] 2026-08-03 18:56:58,966 >> The following generation flags are not valid and may be ignored: ['temperature', 'top_k'].
[INFO|configuration_utils.py:840] 2026-08-03 18:56:58,966 >> - `temperature`: `do_sample` is set to `False`. However, `temperature` is set to `0.0` -- this flag is only used in sample-based generation modes. You should set `do_sample=True` or unset `temperature`.
- `top_k`: `do_sample` is set to `False`. However, `top_k` is set to `0` -- this flag is only used in sample-based generation modes. You should set `do_sample=True` or unset `top_k`.
If you're using a pretrained model, note that some of these attributes may be set through the model's `generation_config.json` file.

 76%|███████▌  | 151/200 [21:05<04:18,  5.28s/it][WARNING|configuration_utils.py:839] 2026-08-03 18:57:09,689 >> The following generation flags are not valid and may be ignored: ['temperature', 'top_k'].
[INFO|configuration_utils.py:840] 2026-08-03 18:57:09,689 >> - `temperature`: `do_sample` is set to `False`. However, `temperature` is set to `0.0` -- this flag is only used in sample-based generation modes. You should set `do_sample=True` or unset `temperature`.
- `top_k`: `do_sample` is set to `False`. However, `top_k` is set to `0` -- this flag is only used in sample-based generation modes. You should set `do_sample=True` or unset `top_k`.
If you're using a pretrained model, note that some of these attributes may be set through the model's `generation_config.json` file.

 76%|███████▌  | 152/200 [21:05<03:03,  3.83s/it][WARNING|configuration_utils.py:839] 2026-08-03 18:57:10,118 >> The following generation flags are not valid and may be ignored: ['temperature', 'top_k'].
[INFO|configuration_utils.py:840] 2026-08-03 18:57:10,118 >> - `temperature`: `do_sample` is set to `False`. However, `temperature` is set to `0.0` -- this flag is only used in sample-based generation modes. You should set `do_sample=True` or unset `temperature`.
- `top_k`: `do_sample` is set to `False`. However, `top_k` is set to `0` -- this flag is only used in sample-based generation modes. You should set `do_sample=True` or unset `top_k`.
If you're using a pretrained model, note that some of these attributes may be set through the model's `generation_config.json` file.

 76%|███████▋  | 153/200 [21:06<02:13,  2.85s/it][WARNING|configuration_utils.py:839] 2026-08-03 18:57:10,681 >> The following generation flags are not valid and may be ignored: ['temperature', 'top_k'].
[INFO|configuration_utils.py:840] 2026-08-03 18:57:10,681 >> - `temperature`: `do_sample` is set to `False`. However, `temperature` is set to `0.0` -- this flag is only used in sample-based generation modes. You should set `do_sample=True` or unset `temperature`.
- `top_k`: `do_sample` is set to `False`. However, `top_k` is set to `0` -- this flag is only used in sample-based generation modes. You should set `do_sample=True` or unset `top_k`.
If you're using a pretrained model, note that some of these attributes may be set through the model's `generation_config.json` file.

 77%|███████▋  | 154/200 [21:14<03:25,  4.46s/it][WARNING|configuration_utils.py:839] 2026-08-03 18:57:18,912 >> The following generation flags are not valid and may be ignored: ['temperature', 'top_k'].
[INFO|configuration_utils.py:840] 2026-08-03 18:57:18,912 >> - `temperature`: `do_sample` is set to `False`. However, `temperature` is set to `0.0` -- this flag is only used in sample-based generation modes. You should set `do_sample=True` or unset `temperature`.
- `top_k`: `do_sample` is set to `False`. However, `top_k` is set to `0` -- this flag is only used in sample-based generation modes. You should set `do_sample=True` or unset `top_k`.
If you're using a pretrained model, note that some of these attributes may be set through the model's `generation_config.json` file.

 78%|███████▊  | 155/200 [21:17<02:59,  3.98s/it][WARNING|configuration_utils.py:839] 2026-08-03 18:57:21,770 >> The following generation flags are not valid and may be ignored: ['temperature', 'top_k'].
[INFO|configuration_utils.py:840] 2026-08-03 18:57:21,770 >> - `temperature`: `do_sample` is set to `False`. However, `temperature` is set to `0.0` -- this flag is only used in sample-based generation modes. You should set `do_sample=True` or unset `temperature`.
- `top_k`: `do_sample` is set to `False`. However, `top_k` is set to `0` -- this flag is only used in sample-based generation modes. You should set `do_sample=True` or unset `top_k`.
If you're using a pretrained model, note that some of these attributes may be set through the model's `generation_config.json` file.

 78%|███████▊  | 156/200 [21:27<04:11,  5.72s/it][WARNING|configuration_utils.py:839] 2026-08-03 18:57:31,538 >> The following generation flags are not valid and may be ignored: ['temperature', 'top_k'].
[INFO|configuration_utils.py:840] 2026-08-03 18:57:31,538 >> - `temperature`: `do_sample` is set to `False`. However, `temperature` is set to `0.0` -- this flag is only used in sample-based generation modes. You should set `do_sample=True` or unset `temperature`.
- `top_k`: `do_sample` is set to `False`. However, `top_k` is set to `0` -- this flag is only used in sample-based generation modes. You should set `do_sample=True` or unset `top_k`.
If you're using a pretrained model, note that some of these attributes may be set through the model's `generation_config.json` file.

 78%|███████▊  | 157/200 [21:34<04:25,  6.17s/it][WARNING|configuration_utils.py:839] 2026-08-03 18:57:38,773 >> The following generation flags are not valid and may be ignored: ['temperature', 'top_k'].
[INFO|configuration_utils.py:840] 2026-08-03 18:57:38,773 >> - `temperature`: `do_sample` is set to `False`. However, `temperature` is set to `0.0` -- this flag is only used in sample-based generation modes. You should set `do_sample=True` or unset `temperature`.
- `top_k`: `do_sample` is set to `False`. However, `top_k` is set to `0` -- this flag is only used in sample-based generation modes. You should set `do_sample=True` or unset `top_k`.
If you're using a pretrained model, note that some of these attributes may be set through the model's `generation_config.json` file.

 79%|███████▉  | 158/200 [21:34<03:05,  4.41s/it][WARNING|configuration_utils.py:839] 2026-08-03 18:57:39,084 >> The following generation flags are not valid and may be ignored: ['temperature', 'top_k'].
[INFO|configuration_utils.py:840] 2026-08-03 18:57:39,084 >> - `temperature`: `do_sample` is set to `False`. However, `temperature` is set to `0.0` -- this flag is only used in sample-based generation modes. You should set `do_sample=True` or unset `temperature`.
- `top_k`: `do_sample` is set to `False`. However, `top_k` is set to `0` -- this flag is only used in sample-based generation modes. You should set `do_sample=True` or unset `top_k`.
If you're using a pretrained model, note that some of these attributes may be set through the model's `generation_config.json` file.

 80%|███████▉  | 159/200 [21:35<02:12,  3.23s/it][WARNING|configuration_utils.py:839] 2026-08-03 18:57:39,566 >> The following generation flags are not valid and may be ignored: ['temperature', 'top_k'].
[INFO|configuration_utils.py:840] 2026-08-03 18:57:39,566 >> - `temperature`: `do_sample` is set to `False`. However, `temperature` is set to `0.0` -- this flag is only used in sample-based generation modes. You should set `do_sample=True` or unset `temperature`.
- `top_k`: `do_sample` is set to `False`. However, `top_k` is set to `0` -- this flag is only used in sample-based generation modes. You should set `do_sample=True` or unset `top_k`.
If you're using a pretrained model, note that some of these attributes may be set through the model's `generation_config.json` file.

 80%|████████  | 160/200 [21:37<02:01,  3.04s/it][WARNING|configuration_utils.py:839] 2026-08-03 18:57:42,165 >> The following generation flags are not valid and may be ignored: ['temperature', 'top_k'].
[INFO|configuration_utils.py:840] 2026-08-03 18:57:42,165 >> - `temperature`: `do_sample` is set to `False`. However, `temperature` is set to `0.0` -- this flag is only used in sample-based generation modes. You should set `do_sample=True` or unset `temperature`.
- `top_k`: `do_sample` is set to `False`. However, `top_k` is set to `0` -- this flag is only used in sample-based generation modes. You should set `do_sample=True` or unset `top_k`.
If you're using a pretrained model, note that some of these attributes may be set through the model's `generation_config.json` file.

 80%|████████  | 161/200 [21:57<05:08,  7.91s/it][WARNING|configuration_utils.py:839] 2026-08-03 18:58:01,444 >> The following generation flags are not valid and may be ignored: ['temperature', 'top_k'].
[INFO|configuration_utils.py:840] 2026-08-03 18:58:01,444 >> - `temperature`: `do_sample` is set to `False`. However, `temperature` is set to `0.0` -- this flag is only used in sample-based generation modes. You should set `do_sample=True` or unset `temperature`.
- `top_k`: `do_sample` is set to `False`. However, `top_k` is set to `0` -- this flag is only used in sample-based generation modes. You should set `do_sample=True` or unset `top_k`.
If you're using a pretrained model, note that some of these attributes may be set through the model's `generation_config.json` file.

 81%|████████  | 162/200 [22:02<04:30,  7.12s/it][WARNING|configuration_utils.py:839] 2026-08-03 18:58:06,708 >> The following generation flags are not valid and may be ignored: ['temperature', 'top_k'].
[INFO|configuration_utils.py:840] 2026-08-03 18:58:06,708 >> - `temperature`: `do_sample` is set to `False`. However, `temperature` is set to `0.0` -- this flag is only used in sample-based generation modes. You should set `do_sample=True` or unset `temperature`.
- `top_k`: `do_sample` is set to `False`. However, `top_k` is set to `0` -- this flag is only used in sample-based generation modes. You should set `do_sample=True` or unset `top_k`.
If you're using a pretrained model, note that some of these attributes may be set through the model's `generation_config.json` file.

 82%|████████▏ | 163/200 [22:03<03:13,  5.23s/it][WARNING|configuration_utils.py:839] 2026-08-03 18:58:07,520 >> The following generation flags are not valid and may be ignored: ['temperature', 'top_k'].
[INFO|configuration_utils.py:840] 2026-08-03 18:58:07,521 >> - `temperature`: `do_sample` is set to `False`. However, `temperature` is set to `0.0` -- this flag is only used in sample-based generation modes. You should set `do_sample=True` or unset `temperature`.
- `top_k`: `do_sample` is set to `False`. However, `top_k` is set to `0` -- this flag is only used in sample-based generation modes. You should set `do_sample=True` or unset `top_k`.
If you're using a pretrained model, note that some of these attributes may be set through the model's `generation_config.json` file.

 82%|████████▏ | 164/200 [22:03<02:15,  3.75s/it][WARNING|configuration_utils.py:839] 2026-08-03 18:58:07,829 >> The following generation flags are not valid and may be ignored: ['temperature', 'top_k'].
[INFO|configuration_utils.py:840] 2026-08-03 18:58:07,829 >> - `temperature`: `do_sample` is set to `False`. However, `temperature` is set to `0.0` -- this flag is only used in sample-based generation modes. You should set `do_sample=True` or unset `temperature`.
- `top_k`: `do_sample` is set to `False`. However, `top_k` is set to `0` -- this flag is only used in sample-based generation modes. You should set `do_sample=True` or unset `top_k`.
If you're using a pretrained model, note that some of these attributes may be set through the model's `generation_config.json` file.

 82%|████████▎ | 165/200 [22:45<08:52, 15.22s/it][WARNING|configuration_utils.py:839] 2026-08-03 18:58:49,825 >> The following generation flags are not valid and may be ignored: ['temperature', 'top_k'].
[INFO|configuration_utils.py:840] 2026-08-03 18:58:49,825 >> - `temperature`: `do_sample` is set to `False`. However, `temperature` is set to `0.0` -- this flag is only used in sample-based generation modes. You should set `do_sample=True` or unset `temperature`.
- `top_k`: `do_sample` is set to `False`. However, `top_k` is set to `0` -- this flag is only used in sample-based generation modes. You should set `do_sample=True` or unset `top_k`.
If you're using a pretrained model, note that some of these attributes may be set through the model's `generation_config.json` file.

 83%|████████▎ | 166/200 [22:46<06:11, 10.94s/it][WARNING|configuration_utils.py:839] 2026-08-03 18:58:50,758 >> The following generation flags are not valid and may be ignored: ['temperature', 'top_k'].
[INFO|configuration_utils.py:840] 2026-08-03 18:58:50,759 >> - `temperature`: `do_sample` is set to `False`. However, `temperature` is set to `0.0` -- this flag is only used in sample-based generation modes. You should set `do_sample=True` or unset `temperature`.
- `top_k`: `do_sample` is set to `False`. However, `top_k` is set to `0` -- this flag is only used in sample-based generation modes. You should set `do_sample=True` or unset `top_k`.
If you're using a pretrained model, note that some of these attributes may be set through the model's `generation_config.json` file.

 84%|████████▎ | 167/200 [22:58<06:16, 11.41s/it][WARNING|configuration_utils.py:839] 2026-08-03 18:59:03,271 >> The following generation flags are not valid and may be ignored: ['temperature', 'top_k'].
[INFO|configuration_utils.py:840] 2026-08-03 18:59:03,271 >> - `temperature`: `do_sample` is set to `False`. However, `temperature` is set to `0.0` -- this flag is only used in sample-based generation modes. You should set `do_sample=True` or unset `temperature`.
- `top_k`: `do_sample` is set to `False`. However, `top_k` is set to `0` -- this flag is only used in sample-based generation modes. You should set `do_sample=True` or unset `top_k`.
If you're using a pretrained model, note that some of these attributes may be set through the model's `generation_config.json` file.

 84%|████████▍ | 168/200 [22:59<04:21,  8.16s/it][WARNING|configuration_utils.py:839] 2026-08-03 18:59:03,846 >> The following generation flags are not valid and may be ignored: ['temperature', 'top_k'].
[INFO|configuration_utils.py:840] 2026-08-03 18:59:03,846 >> - `temperature`: `do_sample` is set to `False`. However, `temperature` is set to `0.0` -- this flag is only used in sample-based generation modes. You should set `do_sample=True` or unset `temperature`.
- `top_k`: `do_sample` is set to `False`. However, `top_k` is set to `0` -- this flag is only used in sample-based generation modes. You should set `do_sample=True` or unset `top_k`.
If you're using a pretrained model, note that some of these attributes may be set through the model's `generation_config.json` file.

 84%|████████▍ | 169/200 [22:59<03:01,  5.85s/it][WARNING|configuration_utils.py:839] 2026-08-03 18:59:04,323 >> The following generation flags are not valid and may be ignored: ['temperature', 'top_k'].
[INFO|configuration_utils.py:840] 2026-08-03 18:59:04,323 >> - `temperature`: `do_sample` is set to `False`. However, `temperature` is set to `0.0` -- this flag is only used in sample-based generation modes. You should set `do_sample=True` or unset `temperature`.
- `top_k`: `do_sample` is set to `False`. However, `top_k` is set to `0` -- this flag is only used in sample-based generation modes. You should set `do_sample=True` or unset `top_k`.
If you're using a pretrained model, note that some of these attributes may be set through the model's `generation_config.json` file.

 85%|████████▌ | 170/200 [23:00<02:11,  4.37s/it][WARNING|configuration_utils.py:839] 2026-08-03 18:59:05,240 >> The following generation flags are not valid and may be ignored: ['temperature', 'top_k'].
[INFO|configuration_utils.py:840] 2026-08-03 18:59:05,240 >> - `temperature`: `do_sample` is set to `False`. However, `temperature` is set to `0.0` -- this flag is only used in sample-based generation modes. You should set `do_sample=True` or unset `temperature`.
- `top_k`: `do_sample` is set to `False`. However, `top_k` is set to `0` -- this flag is only used in sample-based generation modes. You should set `do_sample=True` or unset `top_k`.
If you're using a pretrained model, note that some of these attributes may be set through the model's `generation_config.json` file.

 86%|████████▌ | 171/200 [23:14<03:30,  7.27s/it][WARNING|configuration_utils.py:839] 2026-08-03 18:59:19,258 >> The following generation flags are not valid and may be ignored: ['temperature', 'top_k'].
[INFO|configuration_utils.py:840] 2026-08-03 18:59:19,258 >> - `temperature`: `do_sample` is set to `False`. However, `temperature` is set to `0.0` -- this flag is only used in sample-based generation modes. You should set `do_sample=True` or unset `temperature`.
- `top_k`: `do_sample` is set to `False`. However, `top_k` is set to `0` -- this flag is only used in sample-based generation modes. You should set `do_sample=True` or unset `top_k`.
If you're using a pretrained model, note that some of these attributes may be set through the model's `generation_config.json` file.

 86%|████████▌ | 172/200 [23:36<05:25, 11.63s/it][WARNING|configuration_utils.py:839] 2026-08-03 18:59:41,070 >> The following generation flags are not valid and may be ignored: ['temperature', 'top_k'].
[INFO|configuration_utils.py:840] 2026-08-03 18:59:41,070 >> - `temperature`: `do_sample` is set to `False`. However, `temperature` is set to `0.0` -- this flag is only used in sample-based generation modes. You should set `do_sample=True` or unset `temperature`.
- `top_k`: `do_sample` is set to `False`. However, `top_k` is set to `0` -- this flag is only used in sample-based generation modes. You should set `do_sample=True` or unset `top_k`.
If you're using a pretrained model, note that some of these attributes may be set through the model's `generation_config.json` file.

 86%|████████▋ | 173/200 [23:37<03:44,  8.31s/it][WARNING|configuration_utils.py:839] 2026-08-03 18:59:41,646 >> The following generation flags are not valid and may be ignored: ['temperature', 'top_k'].
[INFO|configuration_utils.py:840] 2026-08-03 18:59:41,647 >> - `temperature`: `do_sample` is set to `False`. However, `temperature` is set to `0.0` -- this flag is only used in sample-based generation modes. You should set `do_sample=True` or unset `temperature`.
- `top_k`: `do_sample` is set to `False`. However, `top_k` is set to `0` -- this flag is only used in sample-based generation modes. You should set `do_sample=True` or unset `top_k`.
If you're using a pretrained model, note that some of these attributes may be set through the model's `generation_config.json` file.

 87%|████████▋ | 174/200 [24:19<07:58, 18.42s/it][WARNING|configuration_utils.py:839] 2026-08-03 19:00:23,636 >> The following generation flags are not valid and may be ignored: ['temperature', 'top_k'].
[INFO|configuration_utils.py:840] 2026-08-03 19:00:23,636 >> - `temperature`: `do_sample` is set to `False`. However, `temperature` is set to `0.0` -- this flag is only used in sample-based generation modes. You should set `do_sample=True` or unset `temperature`.
- `top_k`: `do_sample` is set to `False`. However, `top_k` is set to `0` -- this flag is only used in sample-based generation modes. You should set `do_sample=True` or unset `top_k`.
If you're using a pretrained model, note that some of these attributes may be set through the model's `generation_config.json` file.

 88%|████████▊ | 175/200 [24:19<05:27, 13.11s/it][WARNING|configuration_utils.py:839] 2026-08-03 19:00:24,374 >> The following generation flags are not valid and may be ignored: ['temperature', 'top_k'].
[INFO|configuration_utils.py:840] 2026-08-03 19:00:24,374 >> - `temperature`: `do_sample` is set to `False`. However, `temperature` is set to `0.0` -- this flag is only used in sample-based generation modes. You should set `do_sample=True` or unset `temperature`.
- `top_k`: `do_sample` is set to `False`. However, `top_k` is set to `0` -- this flag is only used in sample-based generation modes. You should set `do_sample=True` or unset `top_k`.
If you're using a pretrained model, note that some of these attributes may be set through the model's `generation_config.json` file.

 88%|████████▊ | 176/200 [24:20<03:42,  9.29s/it][WARNING|configuration_utils.py:839] 2026-08-03 19:00:24,743 >> The following generation flags are not valid and may be ignored: ['temperature', 'top_k'].
[INFO|configuration_utils.py:840] 2026-08-03 19:00:24,743 >> - `temperature`: `do_sample` is set to `False`. However, `temperature` is set to `0.0` -- this flag is only used in sample-based generation modes. You should set `do_sample=True` or unset `temperature`.
- `top_k`: `do_sample` is set to `False`. However, `top_k` is set to `0` -- this flag is only used in sample-based generation modes. You should set `do_sample=True` or unset `top_k`.
If you're using a pretrained model, note that some of these attributes may be set through the model's `generation_config.json` file.

 88%|████████▊ | 177/200 [24:32<03:53, 10.17s/it][WARNING|configuration_utils.py:839] 2026-08-03 19:00:36,957 >> The following generation flags are not valid and may be ignored: ['temperature', 'top_k'].
[INFO|configuration_utils.py:840] 2026-08-03 19:00:36,957 >> - `temperature`: `do_sample` is set to `False`. However, `temperature` is set to `0.0` -- this flag is only used in sample-based generation modes. You should set `do_sample=True` or unset `temperature`.
- `top_k`: `do_sample` is set to `False`. However, `top_k` is set to `0` -- this flag is only used in sample-based generation modes. You should set `do_sample=True` or unset `top_k`.
If you're using a pretrained model, note that some of these attributes may be set through the model's `generation_config.json` file.

 89%|████████▉ | 178/200 [24:34<02:47,  7.61s/it][WARNING|configuration_utils.py:839] 2026-08-03 19:00:38,614 >> The following generation flags are not valid and may be ignored: ['temperature', 'top_k'].
[INFO|configuration_utils.py:840] 2026-08-03 19:00:38,615 >> - `temperature`: `do_sample` is set to `False`. However, `temperature` is set to `0.0` -- this flag is only used in sample-based generation modes. You should set `do_sample=True` or unset `temperature`.
- `top_k`: `do_sample` is set to `False`. However, `top_k` is set to `0` -- this flag is only used in sample-based generation modes. You should set `do_sample=True` or unset `top_k`.
If you're using a pretrained model, note that some of these attributes may be set through the model's `generation_config.json` file.

 90%|████████▉ | 179/200 [25:15<06:11, 17.69s/it][WARNING|configuration_utils.py:839] 2026-08-03 19:01:19,804 >> The following generation flags are not valid and may be ignored: ['temperature', 'top_k'].
[INFO|configuration_utils.py:840] 2026-08-03 19:01:19,804 >> - `temperature`: `do_sample` is set to `False`. However, `temperature` is set to `0.0` -- this flag is only used in sample-based generation modes. You should set `do_sample=True` or unset `temperature`.
- `top_k`: `do_sample` is set to `False`. However, `top_k` is set to `0` -- this flag is only used in sample-based generation modes. You should set `do_sample=True` or unset `top_k`.
If you're using a pretrained model, note that some of these attributes may be set through the model's `generation_config.json` file.

 90%|█████████ | 180/200 [25:18<04:24, 13.23s/it][WARNING|configuration_utils.py:839] 2026-08-03 19:01:22,627 >> The following generation flags are not valid and may be ignored: ['temperature', 'top_k'].
[INFO|configuration_utils.py:840] 2026-08-03 19:01:22,627 >> - `temperature`: `do_sample` is set to `False`. However, `temperature` is set to `0.0` -- this flag is only used in sample-based generation modes. You should set `do_sample=True` or unset `temperature`.
- `top_k`: `do_sample` is set to `False`. However, `top_k` is set to `0` -- this flag is only used in sample-based generation modes. You should set `do_sample=True` or unset `top_k`.
If you're using a pretrained model, note that some of these attributes may be set through the model's `generation_config.json` file.

 90%|█████████ | 181/200 [25:31<04:09, 13.14s/it][WARNING|configuration_utils.py:839] 2026-08-03 19:01:35,552 >> The following generation flags are not valid and may be ignored: ['temperature', 'top_k'].
[INFO|configuration_utils.py:840] 2026-08-03 19:01:35,552 >> - `temperature`: `do_sample` is set to `False`. However, `temperature` is set to `0.0` -- this flag is only used in sample-based generation modes. You should set `do_sample=True` or unset `temperature`.
- `top_k`: `do_sample` is set to `False`. However, `top_k` is set to `0` -- this flag is only used in sample-based generation modes. You should set `do_sample=True` or unset `top_k`.
If you're using a pretrained model, note that some of these attributes may be set through the model's `generation_config.json` file.

 91%|█████████ | 182/200 [25:38<03:22, 11.27s/it][WARNING|configuration_utils.py:839] 2026-08-03 19:01:42,454 >> The following generation flags are not valid and may be ignored: ['temperature', 'top_k'].
[INFO|configuration_utils.py:840] 2026-08-03 19:01:42,454 >> - `temperature`: `do_sample` is set to `False`. However, `temperature` is set to `0.0` -- this flag is only used in sample-based generation modes. You should set `do_sample=True` or unset `temperature`.
- `top_k`: `do_sample` is set to `False`. However, `top_k` is set to `0` -- this flag is only used in sample-based generation modes. You should set `do_sample=True` or unset `top_k`.
If you're using a pretrained model, note that some of these attributes may be set through the model's `generation_config.json` file.

 92%|█████████▏| 183/200 [25:50<03:18, 11.67s/it][WARNING|configuration_utils.py:839] 2026-08-03 19:01:55,065 >> The following generation flags are not valid and may be ignored: ['temperature', 'top_k'].
[INFO|configuration_utils.py:840] 2026-08-03 19:01:55,066 >> - `temperature`: `do_sample` is set to `False`. However, `temperature` is set to `0.0` -- this flag is only used in sample-based generation modes. You should set `do_sample=True` or unset `temperature`.
- `top_k`: `do_sample` is set to `False`. However, `top_k` is set to `0` -- this flag is only used in sample-based generation modes. You should set `do_sample=True` or unset `top_k`.
If you're using a pretrained model, note that some of these attributes may be set through the model's `generation_config.json` file.

 92%|█████████▏| 184/200 [25:53<02:22,  8.91s/it][WARNING|configuration_utils.py:839] 2026-08-03 19:01:57,536 >> The following generation flags are not valid and may be ignored: ['temperature', 'top_k'].
[INFO|configuration_utils.py:840] 2026-08-03 19:01:57,536 >> - `temperature`: `do_sample` is set to `False`. However, `temperature` is set to `0.0` -- this flag is only used in sample-based generation modes. You should set `do_sample=True` or unset `temperature`.
- `top_k`: `do_sample` is set to `False`. However, `top_k` is set to `0` -- this flag is only used in sample-based generation modes. You should set `do_sample=True` or unset `top_k`.
If you're using a pretrained model, note that some of these attributes may be set through the model's `generation_config.json` file.

 92%|█████████▎| 185/200 [25:55<01:44,  6.98s/it][WARNING|configuration_utils.py:839] 2026-08-03 19:02:00,001 >> The following generation flags are not valid and may be ignored: ['temperature', 'top_k'].
[INFO|configuration_utils.py:840] 2026-08-03 19:02:00,001 >> - `temperature`: `do_sample` is set to `False`. However, `temperature` is set to `0.0` -- this flag is only used in sample-based generation modes. You should set `do_sample=True` or unset `temperature`.
- `top_k`: `do_sample` is set to `False`. However, `top_k` is set to `0` -- this flag is only used in sample-based generation modes. You should set `do_sample=True` or unset `top_k`.
If you're using a pretrained model, note that some of these attributes may be set through the model's `generation_config.json` file.

 93%|█████████▎| 186/200 [26:07<01:57,  8.43s/it][WARNING|configuration_utils.py:839] 2026-08-03 19:02:11,811 >> The following generation flags are not valid and may be ignored: ['temperature', 'top_k'].
[INFO|configuration_utils.py:840] 2026-08-03 19:02:11,811 >> - `temperature`: `do_sample` is set to `False`. However, `temperature` is set to `0.0` -- this flag is only used in sample-based generation modes. You should set `do_sample=True` or unset `temperature`.
- `top_k`: `do_sample` is set to `False`. However, `top_k` is set to `0` -- this flag is only used in sample-based generation modes. You should set `do_sample=True` or unset `top_k`.
If you're using a pretrained model, note that some of these attributes may be set through the model's `generation_config.json` file.

 94%|█████████▎| 187/200 [26:12<01:38,  7.54s/it][WARNING|configuration_utils.py:839] 2026-08-03 19:02:17,296 >> The following generation flags are not valid and may be ignored: ['temperature', 'top_k'].
[INFO|configuration_utils.py:840] 2026-08-03 19:02:17,296 >> - `temperature`: `do_sample` is set to `False`. However, `temperature` is set to `0.0` -- this flag is only used in sample-based generation modes. You should set `do_sample=True` or unset `temperature`.
- `top_k`: `do_sample` is set to `False`. However, `top_k` is set to `0` -- this flag is only used in sample-based generation modes. You should set `do_sample=True` or unset `top_k`.
If you're using a pretrained model, note that some of these attributes may be set through the model's `generation_config.json` file.

 94%|█████████▍| 188/200 [26:13<01:06,  5.56s/it][WARNING|configuration_utils.py:839] 2026-08-03 19:02:18,211 >> The following generation flags are not valid and may be ignored: ['temperature', 'top_k'].
[INFO|configuration_utils.py:840] 2026-08-03 19:02:18,211 >> - `temperature`: `do_sample` is set to `False`. However, `temperature` is set to `0.0` -- this flag is only used in sample-based generation modes. You should set `do_sample=True` or unset `temperature`.
- `top_k`: `do_sample` is set to `False`. However, `top_k` is set to `0` -- this flag is only used in sample-based generation modes. You should set `do_sample=True` or unset `top_k`.
If you're using a pretrained model, note that some of these attributes may be set through the model's `generation_config.json` file.

 94%|█████████▍| 189/200 [26:55<03:01, 16.49s/it][WARNING|configuration_utils.py:839] 2026-08-03 19:03:00,232 >> The following generation flags are not valid and may be ignored: ['temperature', 'top_k'].
[INFO|configuration_utils.py:840] 2026-08-03 19:03:00,232 >> - `temperature`: `do_sample` is set to `False`. However, `temperature` is set to `0.0` -- this flag is only used in sample-based generation modes. You should set `do_sample=True` or unset `temperature`.
- `top_k`: `do_sample` is set to `False`. However, `top_k` is set to `0` -- this flag is only used in sample-based generation modes. You should set `do_sample=True` or unset `top_k`.
If you're using a pretrained model, note that some of these attributes may be set through the model's `generation_config.json` file.

 95%|█████████▌| 190/200 [27:01<02:11, 13.17s/it][WARNING|configuration_utils.py:839] 2026-08-03 19:03:05,659 >> The following generation flags are not valid and may be ignored: ['temperature', 'top_k'].
[INFO|configuration_utils.py:840] 2026-08-03 19:03:05,659 >> - `temperature`: `do_sample` is set to `False`. However, `temperature` is set to `0.0` -- this flag is only used in sample-based generation modes. You should set `do_sample=True` or unset `temperature`.
- `top_k`: `do_sample` is set to `False`. However, `top_k` is set to `0` -- this flag is only used in sample-based generation modes. You should set `do_sample=True` or unset `top_k`.
If you're using a pretrained model, note that some of these attributes may be set through the model's `generation_config.json` file.

 96%|█████████▌| 191/200 [27:08<01:42, 11.38s/it][WARNING|configuration_utils.py:839] 2026-08-03 19:03:12,859 >> The following generation flags are not valid and may be ignored: ['temperature', 'top_k'].
[INFO|configuration_utils.py:840] 2026-08-03 19:03:12,859 >> - `temperature`: `do_sample` is set to `False`. However, `temperature` is set to `0.0` -- this flag is only used in sample-based generation modes. You should set `do_sample=True` or unset `temperature`.
- `top_k`: `do_sample` is set to `False`. However, `top_k` is set to `0` -- this flag is only used in sample-based generation modes. You should set `do_sample=True` or unset `top_k`.
If you're using a pretrained model, note that some of these attributes may be set through the model's `generation_config.json` file.

 96%|█████████▌| 192/200 [27:09<01:05,  8.14s/it][WARNING|configuration_utils.py:839] 2026-08-03 19:03:13,436 >> The following generation flags are not valid and may be ignored: ['temperature', 'top_k'].
[INFO|configuration_utils.py:840] 2026-08-03 19:03:13,437 >> - `temperature`: `do_sample` is set to `False`. However, `temperature` is set to `0.0` -- this flag is only used in sample-based generation modes. You should set `do_sample=True` or unset `temperature`.
- `top_k`: `do_sample` is set to `False`. However, `top_k` is set to `0` -- this flag is only used in sample-based generation modes. You should set `do_sample=True` or unset `top_k`.
If you're using a pretrained model, note that some of these attributes may be set through the model's `generation_config.json` file.

 96%|█████████▋| 193/200 [27:09<00:40,  5.79s/it][WARNING|configuration_utils.py:839] 2026-08-03 19:03:13,746 >> The following generation flags are not valid and may be ignored: ['temperature', 'top_k'].
[INFO|configuration_utils.py:840] 2026-08-03 19:03:13,746 >> - `temperature`: `do_sample` is set to `False`. However, `temperature` is set to `0.0` -- this flag is only used in sample-based generation modes. You should set `do_sample=True` or unset `temperature`.
- `top_k`: `do_sample` is set to `False`. However, `top_k` is set to `0` -- this flag is only used in sample-based generation modes. You should set `do_sample=True` or unset `top_k`.
If you're using a pretrained model, note that some of these attributes may be set through the model's `generation_config.json` file.

 97%|█████████▋| 194/200 [27:25<00:52,  8.77s/it][WARNING|configuration_utils.py:839] 2026-08-03 19:03:29,464 >> The following generation flags are not valid and may be ignored: ['temperature', 'top_k'].
[INFO|configuration_utils.py:840] 2026-08-03 19:03:29,464 >> - `temperature`: `do_sample` is set to `False`. However, `temperature` is set to `0.0` -- this flag is only used in sample-based generation modes. You should set `do_sample=True` or unset `temperature`.
- `top_k`: `do_sample` is set to `False`. However, `top_k` is set to `0` -- this flag is only used in sample-based generation modes. You should set `do_sample=True` or unset `top_k`.
If you're using a pretrained model, note that some of these attributes may be set through the model's `generation_config.json` file.

 98%|█████████▊| 195/200 [27:26<00:32,  6.48s/it][WARNING|configuration_utils.py:839] 2026-08-03 19:03:30,591 >> The following generation flags are not valid and may be ignored: ['temperature', 'top_k'].
[INFO|configuration_utils.py:840] 2026-08-03 19:03:30,591 >> - `temperature`: `do_sample` is set to `False`. However, `temperature` is set to `0.0` -- this flag is only used in sample-based generation modes. You should set `do_sample=True` or unset `temperature`.
- `top_k`: `do_sample` is set to `False`. However, `top_k` is set to `0` -- this flag is only used in sample-based generation modes. You should set `do_sample=True` or unset `top_k`.
If you're using a pretrained model, note that some of these attributes may be set through the model's `generation_config.json` file.

 98%|█████████▊| 196/200 [27:34<00:28,  7.04s/it][WARNING|configuration_utils.py:839] 2026-08-03 19:03:38,946 >> The following generation flags are not valid and may be ignored: ['temperature', 'top_k'].
[INFO|configuration_utils.py:840] 2026-08-03 19:03:38,946 >> - `temperature`: `do_sample` is set to `False`. However, `temperature` is set to `0.0` -- this flag is only used in sample-based generation modes. You should set `do_sample=True` or unset `temperature`.
- `top_k`: `do_sample` is set to `False`. However, `top_k` is set to `0` -- this flag is only used in sample-based generation modes. You should set `do_sample=True` or unset `top_k`.
If you're using a pretrained model, note that some of these attributes may be set through the model's `generation_config.json` file.

 98%|█████████▊| 197/200 [27:35<00:15,  5.11s/it][WARNING|configuration_utils.py:839] 2026-08-03 19:03:39,565 >> The following generation flags are not valid and may be ignored: ['temperature', 'top_k'].
[INFO|configuration_utils.py:840] 2026-08-03 19:03:39,565 >> - `temperature`: `do_sample` is set to `False`. However, `temperature` is set to `0.0` -- this flag is only used in sample-based generation modes. You should set `do_sample=True` or unset `temperature`.
- `top_k`: `do_sample` is set to `False`. However, `top_k` is set to `0` -- this flag is only used in sample-based generation modes. You should set `do_sample=True` or unset `top_k`.
If you're using a pretrained model, note that some of these attributes may be set through the model's `generation_config.json` file.

 99%|█████████▉| 198/200 [27:39<00:09,  4.94s/it][WARNING|configuration_utils.py:839] 2026-08-03 19:03:44,104 >> The following generation flags are not valid and may be ignored: ['temperature', 'top_k'].
[INFO|configuration_utils.py:840] 2026-08-03 19:03:44,104 >> - `temperature`: `do_sample` is set to `False`. However, `temperature` is set to `0.0` -- this flag is only used in sample-based generation modes. You should set `do_sample=True` or unset `temperature`.
- `top_k`: `do_sample` is set to `False`. However, `top_k` is set to `0` -- this flag is only used in sample-based generation modes. You should set `do_sample=True` or unset `top_k`.
If you're using a pretrained model, note that some of these attributes may be set through the model's `generation_config.json` file.

100%|█████████▉| 199/200 [27:40<00:03,  3.60s/it][WARNING|configuration_utils.py:839] 2026-08-03 19:03:44,580 >> The following generation flags are not valid and may be ignored: ['temperature', 'top_k'].
[INFO|configuration_utils.py:840] 2026-08-03 19:03:44,580 >> - `temperature`: `do_sample` is set to `False`. However, `temperature` is set to `0.0` -- this flag is only used in sample-based generation modes. You should set `do_sample=True` or unset `temperature`.
- `top_k`: `do_sample` is set to `False`. However, `top_k` is set to `0` -- this flag is only used in sample-based generation modes. You should set `do_sample=True` or unset `top_k`.
If you're using a pretrained model, note that some of these attributes may be set through the model's `generation_config.json` file.

100%|██████████| 200/200 [28:21<00:00, 14.88s/it]Building prefix dict from the default dictionary ...
Loading model from cache /tmp/jieba.cache
Loading model cost 0.349 seconds.
Prefix dict has been built successfully.

100%|██████████| 200/200 [28:43<00:00,  8.62s/it]
***** predict metrics *****
  predict_bleu-4                 =    32.2116
  predict_model_preparation_time =      0.003
  predict_rouge-1                =    46.3147
  predict_rouge-2                =    43.2168
  predict_rouge-l                =    48.3358
  predict_runtime                = 0:28:47.47
  predict_samples_per_second     =      0.116
  predict_steps_per_second       =      0.116
[INFO|2026-08-03 19:04:48] llamafactory.train.sft.trainer:143 >> Saving prediction results to ../benchmark/runs/sft_ood_successful/output/generated_predictions.jsonl
TOTAL_RUNTIME_SECONDS=1743.669
Training performed: NO
Inference only: YES
